Language,ISO_Code,Text
Albanian,sq,"Një mbrëmje të nxehtë në Padova e çuan atë mbi çati dhe ai mund të shikonte nga maja e qytetit. Kishte ndërrime oxhaku në qiell. Pas pak u errësua dhe dritat e dritës dolën. Të tjerët zbritën dhe morën shishet me vete. Ai dhe Luzi mund t'i dëgjonin më poshtë në ballkon. Luz u ul në shtrat. Ajo ishte e freskët dhe e freskët në natën e nxehtë. Luz qëndroi në detyrë natën për tre muaj. Ata ishin të lumtur që e lejuan atë. Kur e operuan ajo e përgatiti për tryezën e operacionit; dhe ata kishin një shaka për mikun ose klizmën. Ai iu nënshtrua anestezisë duke u mbajtur fort pas vetes, në mënyrë që të mos qortonte për asgjë gjatë kohës pa kuptim dhe llafazan. Pasi hipi në paterica, ai përdorte temperaturat në mënyrë që Luzit të mos i duhej të ngrihej nga shtrati. Kishte vetëm disa pacientë, dhe të gjithë e dinin për këtë. Të gjithë e pëlqyen Luzin. Ndërsa u kthye përgjatë sallave, ai mendoi për Luzin në shtratin e tij. Para se të kthehej në front ata hynë në Duomo dhe u lutën. Ishte errësirë ​​dhe e qetë, dhe kishte njerëz të tjerë që luteshin. Ata donin të martoheshin, por nuk kishte kohë të mjaftueshme për banns, dhe asnjëri prej tyre nuk kishte certifikata lindjeje. Ata ndiheshin sikur ishin të martuar, por donin që të gjithë ta dinin dhe ta bënin atë në mënyrë që të mos e humbnin. Luz i shkroi atij shumë letra që nuk i mori kurrë pas armëpushimit. Pesëmbëdhjetë dolën para një bandë dhe ai i renditi ato sipas datave dhe i lexoi të gjitha menjëherë. Ata ishin të gjithë për spitalin, dhe sa shumë ajo e donte atë dhe si ishte e pamundur të merresh vesh pa të dhe sa e tmerrshme ishte të mungonte natën. Pas armëpushimit ata ranë dakord që ai të shkonte në shtëpi për të gjetur një punë në mënyrë që ata të mund të martoheshin. Luz nuk do të kthehej në shtëpi derisa të kishte një punë të mirë dhe të vinte në Nju Jork për ta takuar. U kuptua që ai nuk do të pinte, dhe ai nuk donte të shihte miqtë e tij ose askënd në Shtetet. Vetëm për të marrë një punë dhe për t'u martuar. Në trenin nga Padova në Milano ata u grindën rreth asaj që ajo nuk ishte e gatshme të kthehej në shtëpi menjëherë. Kur duhej të thoshin lamtumirë, në stacionin në Milano, ata puthën lamtumirë, por nuk përfunduan me zënkën. Ai u ndje i sëmurë kur tha lamtumirë kështu. Ai shkoi në Amerikë me një varkë nga Xhenova. Luz u kthye në Pordonone për të hapur një spital. Aty ishte e vetmuar dhe me shi, dhe aty ishte një batalion arditi i vendosur në qytet. Duke jetuar në qytetin me baltë dhe me shi në dimër, majorja e batalionit bëri dashuri me Luzin, dhe ajo kurrë nuk kishte njohur italianë më parë, dhe më në fund u shkroi Shteteve se lidhja e tyre kishte vetëm një djalë dhe një vajzë. Ajo ishte penduar, dhe ajo e dinte se ai ndoshta nuk do të ishte në gjendje ta kuptonte, por një ditë mund ta falte atë dhe t'i ishte mirënjohëse asaj, dhe ajo priste, absolutisht papritur, të martohej në pranverë. Ajo e donte atë si gjithmonë, por tani e kuptoi se ishte vetëm një dashuri për një djalë dhe një vajzë. Ajo shpresonte se ai do të kishte një karrierë të madhe, dhe besoi në të absolutisht. Ajo e dinte që ishte për të mirën. Majori nuk u martua me të në pranverë, ose në ndonjë kohë tjetër. Luz kurrë nuk mori një përgjigje për letrën drejtuar Çikagos në lidhje me të. Një kohë të shkurtër pasi ai u infektua nga gonorrea nga një vajzë shitëse në një dyqan, ndërsa hipte në një taksi përmes Lincoln Park."
Bulgarian,bg,"Една гореща вечер в Падуа го изнесоха на покрива и той можеше да погледне към върха на града. В небето имаше комини. След известно време се стъмни и прожекторите излязоха. Другите слезнаха и взеха бутилките със себе си. Двамата с Луз можеха да ги чуят отдолу на балкона. Луз седна на леглото. Беше хладна и свежа в горещата нощ. Луз остана на нощно дежурство три месеца. Те с удоволствие я пуснаха. Когато го оперираха, тя го подготви за операционната маса; и те имаха шега за приятел или клизма. Той отиде под упойката, държейки се здраво за себе си, за да не бърбори за нищо през глупавото, приказливо време. След като се качи на патерици, той измерваше температурите, за да не се налага Луз да става от леглото. Имаше само няколко пациенти и всички знаеха за това. Всички те харесваха Луз. Докато се връщаше по коридорите, той се сети за Луз в леглото си. Преди да се върне на фронта, те влязоха в Дуомото и се помолиха. Беше мрачно и тихо и имаше други хора, които се молеха. Те искаха да се оженят, но нямаше достатъчно време за забраните и нито един от тях нямаше свидетелства за раждане. Чувстваха се сякаш са женени, но искаха всички да знаят за това и да го направят така, че да не могат да го загубят. Луз му пише много писма, които той получава едва след примирието. Петнадесет дойдоха в предната част и той ги подреди по датите и ги прочете направо. Всички бяха свързани с болницата и колко много го обичаше и как беше невъзможно да се разбираме без него и колко ужасно му липсваше през нощта. След примирието се съгласиха той да се прибере вкъщи, за да си намери работа, за да може да се оженят. Луз нямаше да се прибере, преди да има добра работа и да дойде в Ню Йорк, за да се срещне с нея. Беше разбрано, че няма да пие, и не искаше да се вижда с приятелите си или с никого в Щатите. Само за да си намеря работа и да се оженя. Във влака от Падуа за Милано те се скараха, че тя няма желание да се прибере веднага. Когато трябваше да се сбогуват, на гарата в Милано, те се целунаха за сбогом, но не приключиха с кавгата. Стана му лошо да се сбогува така. Той отиде в Америка с лодка от Генуа. Луз се върна в Пордононе, за да отвори болница. Там беше самотно и дъждовно, а в града имаше батальон от ардити. Живеейки в калния, дъждовен град през зимата, майорът на батальона прави любов с Луз, а тя никога преди не е познавала италианци и накрая пише на Щатите, че тяхната е била само момче и момиче. Съжаляваше и знаеше, че той вероятно няма да може да разбере, но може би някой ден ще й прости и ще й бъде благодарен и очакваше, абсолютно неочаквано, да се ожени през пролетта. Тя го обичаше както винаги, но сега осъзна, че това е само любов на момче и момиче. Тя се надяваше, че той ще има страхотна кариера, и му вярваше абсолютно. Знаеше, че е най -доброто. Майорът не се оженил за нея през пролетта или друг път. Луз така и не получи отговор на писмото до Чикаго за това. Малко време след като се разболя от гонорея от момиче в търговски обект в универсален магазин, докато се возеше в такси през Линкълн Парк."
Croatian,hr,"Jedne vruće večeri u Padovi odnijeli su ga na krov i mogao je gledati kroz vrh grada. Na nebu su bili dimnjaci. Nakon nekog vremena smračilo se i reflektori su izašli. Ostali su sišli i sa sobom ponijeli boce. On i Luz mogli su ih čuti ispod na balkonu. Luz je sjela na krevet. Bila je svježa i svježa u vrućoj noći. Luz je ostala na noćnoj dužnosti tri mjeseca. Bilo im je drago što su joj to dopustili. Kad su ga operirali, pripremila ga je za operacijski stol; a imali su vic o prijatelju ili klistir. Prošao je pod anestezijom držeći se čvrsto za sebe kako ne bi ništa brbljao tijekom glupog, razgovorljivog vremena. Nakon što je sjeo na štake, znao je mjeriti temperaturu kako Luz ne bi morala ustati iz kreveta. Bilo je samo nekoliko pacijenata i svi su znali za to. Svi su se svidjeli Luz. Dok se vraćao hodnicima, pomislio je na Luz u svom krevetu. Prije nego što se vratio na front, ušli su u Duomo i pomolili se. Bilo je mračno i tiho, a molili su se i drugi ljudi. Htjeli su se vjenčati, ali nije bilo dovoljno vremena za zabrane, a niti jedno od njih nije imalo izvode iz matične knjige rođenih. Osjećali su se kao da su u braku, ali su htjeli da svi znaju za to i da to učine tako da to ne mogu izgubiti. Luz mu je napisao mnogo pisama koja je dobio tek nakon primirja. Petnaest ih je došlo u hrpi naprijed i on ih je razvrstao po datumima i pročitao sve do kraja. Svi su bili u vezi bolnice, i koliko ga je voljela i kako je bilo nemoguće slagati se bez njega i koliko mu je strašno nedostajalo noću. Nakon primirja dogovorili su se da bi trebao otići kući da se zaposli kako bi se mogli vjenčati. Luz se nije vraćao kući sve dok nije imao dobar posao i nije mogao doći u New York kako bi je upoznao. Bilo je shvaćeno da neće piti i nije želio vidjeti svoje prijatelje ili bilo koga u Sjedinjenim Državama. Samo da se zaposlim i oženim. U vlaku iz Padove za Milano posvađali su se zbog toga što nije voljna odmah doći kući. Kad su se morali oprostiti, na kolodvoru u Milanu poljubili su se, ali nisu završili sa svađom. Pozlilo mu je što se tako oprostio. U Ameriku je otišao brodom iz Genove. Luz se vratila u Pordonone kako bi otvorila bolnicu. Tamo je bilo usamljeno i kišovito, a u gradu je bila smještena bojna ardita. Živeći u blatnjavom, kišovitom gradu zimi, bojnica bataljona vodila je ljubav s Luz, a nikad prije nije poznavala Talijane, pa je konačno napisala državama da su to bile samo veze dječaka i djevojčice. Bilo joj je žao i znala je da vjerojatno neće moći razumjeti, ali bi joj jednog dana mogao oprostiti i biti joj zahvalan, a očekivala je, potpuno neočekivano, da će se vjenčati na proljeće. Voljela ga je kao i uvijek, ali sada je shvatila da je to samo ljubav dječaka i djevojčica. Nadala se da će imati sjajnu karijeru i apsolutno je vjerovala u njega. Znala je da je tako najbolje. Major je nije oženio u proljeće, niti bilo koje drugo vrijeme. Luz nikada nije dobila odgovor na pismo u Chicago o tome. Ubrzo nakon što je obolio od gonoreje od prodavačice u robnoj kući petlje dok se vozio taksijem kroz Lincoln Park."
Czech,cs,"Jednoho horkého večera v Padově ho vynesli na střechu a on se mohl dívat přes horní část města. Na obloze byly komínové švihy. Po chvíli se setmělo a zhasly světlomety. Ostatní šli dolů a vzali s sebou lahve. On a Luz je mohli slyšet dole na balkoně. Luz seděl na posteli. V horké noci byla chladná a svěží. Luz zůstal v noční službě tři měsíce. Rádi ji nechali. Když ho operovali, připravila ho na operační stůl; a měli vtip o příteli nebo klystýru. Dostal se do narkózy a pevně se držel, aby během hloupého, bláznivého času nic nebláznil. Poté, co dostal o berlích, měřil teploty, aby Luz nemusel vstávat z postele. Bylo tam jen několik pacientů a všichni o tom věděli. Všichni měli Luz rádi. Když kráčel zpět chodbami, myslel na Luz ve své posteli. Než se vrátil na frontu, vešli do Dómu a modlili se. Bylo šero a ticho a modlili se další lidé. Chtěli se vzít, ale na banny nebylo dost času a ani jeden z nich neměl rodné listy. Cítili se, jako by byli manželé, ale chtěli, aby o tom všichni věděli a udělali to tak, aby o to nemohli přijít. Luz mu napsal mnoho dopisů, které dostal až po příměří. Patnáct vešlo kupředu dopředu, roztřídil je podle dat a všechny je přečetl. Všechny byly o nemocnici a o tom, jak moc ho milovala a jak bez něj nebylo možné vycházet a jak strašně mu v noci chybělo. Po příměří se dohodli, že by měl jít domů, aby získal práci, aby mohli být oddáni. Luz nepřijde domů, dokud nebude mít dobrou práci a nebude moci přijít do New Yorku, aby se s ní setkal. Rozumělo se, že nebude pít, a nechtěl vidět své přátele ani nikoho ve Státech. Jen proto, aby si našel práci a byl ženatý. Ve vlaku z Padovy do Milána se pohádali, že není ochotná vrátit se domů najednou. Když se museli rozloučit, na stanici v Miláně se políbili, ale neskončili s hádkou. Bylo mu špatně, když se takhle loučil. Do Ameriky se vydal na lodi z Janova. Luz se vrátil do Pordonone, aby otevřel nemocnici. Bylo to osamělé a deštivé a ve městě byl ubytován prapor arditi. Major praporu, který žil v zimě v blátivém a deštivém městě, se s Luz miloval a ona se s Italy nikdy předtím neznala a nakonec napsala Státům, že ty jejich byly jen záležitostí chlapce a dívky. Bylo jí to líto a věděla, že to pravděpodobně nebude schopen pochopit, ale možná jí to jednou odpustí a bude jí vděčný, a očekávala, naprosto nečekaně, svatbu na jaře. Milovala ho jako vždy, ale teď si uvědomila, že to byla jen láska pro chlapce a dívku. Doufala, že bude mít skvělou kariéru, a naprosto mu věřila. Věděla, že to bylo nejlepší. Major si ji nevzal na jaře ani jindy. Luz na ten dopis Chicagu nikdy nedostal odpověď. Krátce poté, co se při jízdě taxíkem po Lincoln Parku nakazil kapavkou od prodavačky v obchodním domě ve smyčce."
Danish,da,"En varm aften i Padua bar de ham op på taget, og han kunne se ud over toppen af ​​byen. Der var skorstensskift på himlen. Efter et stykke tid blev det mørkt, og søgelyset kom ud. De andre gik ned og tog flaskerne med. Han og Luz kunne høre dem nede på balkonen. Luz sad på sengen. Hun var kølig og frisk i den varme nat. Luz blev på nattevagt i tre måneder. De var glade for at lade hende. Da de opererede ham, forberedte hun ham til operationsbordet; og de havde en vittighed om ven eller lavement. Han gik under bedøvelsen og holdt fast i sig selv, så han ikke ville plage om noget i den fjollede, snakkesalige tid. Efter at han kom på krykker, plejede han at tage temperaturerne, så Luz ikke skulle rejse sig fra sengen. Der var kun få patienter, og de kendte alle til det. De kunne alle lide Luz. Da han gik tilbage langs gangene tænkte han på Luz i sin seng. Inden han gik tilbage til fronten, gik de ind i Duomo og bad. Det var svagt og stille, og der var andre mennesker, der bad. De ville giftes, men der var ikke tid nok til forbudene, og ingen af ​​dem havde fødselsattester. De følte, at de var gift, men de ville have, at alle skulle vide om det og gøre det, så de ikke kunne miste det. Luz skrev mange breve til ham, som han aldrig fik før efter våbenhvilen. Femten kom i en flok foran, og han sorterede dem efter datoerne og læste dem alle lige igennem. De handlede alle om hospitalet, og hvor meget hun elskede ham, og hvordan det var umuligt at klare sig uden ham, og hvor frygteligt det manglede ham om natten. Efter våbenhvilen blev de enige om, at han skulle gå hjem for at få et job, så de måske var gift. Luz ville ikke komme hjem, før han havde et godt job og kunne komme til New York for at møde hende. Det var underforstået, at han ikke ville drikke, og han ville ikke se sine venner eller nogen i staterne. Kun for at få et job og blive gift. I toget fra Padua til Milano skændtes de om, at hun ikke var villig til at komme hjem med det samme. Da de skulle sige farvel, på stationen i Milano, kyssede de farvel, men var ikke færdige med skænderiet. Han følte sig syg over at sige farvel på den måde. Han tog til Amerika på en båd fra Genova. Luz tog tilbage til Pordonone for at åbne et hospital. Det var ensomt og regnfuldt der, og der var en bataljon af arditi indkvarteret i byen. Majoren i bataljonen boede i den mudrede, regnfulde by om vinteren og elskede Luz, og hun havde aldrig kendt italienere før og skrev endelig til staterne, at deres kun havde været en dreng og pige affære. Hun var ked af det, og hun vidste, at han sandsynligvis ikke ville være i stand til at forstå, men måske en dag tilgive hende og være taknemmelig over for hende, og hun forventede, helt uventet, at blive gift i foråret. Hun elskede ham som altid, men hun indså nu, at det kun var en dreng og pige kærlighed. Hun håbede, at han ville få en fantastisk karriere og troede absolut på ham. Hun vidste, at det var til det bedste. Majoren giftede sig ikke med hende i foråret eller på noget andet tidspunkt. Luz fik aldrig svar på brevet til Chicago om det. Kort tid efter han fik gonoré fra en salgspige i et loop -stormagasin, mens han kørte i en taxa gennem Lincoln Park."
Dutch,nl,"Op een hete avond in Padua droegen ze hem het dak op en hij kon uitkijken over de top van de stad. Er waren schoorsteengierzwaluwen in de lucht. Na een tijdje werd het donker en gingen de zoeklichten uit. De anderen gingen naar beneden en namen de flessen mee. Hij en Luz konden ze beneden op het balkon horen. Luz ging op het bed zitten. Ze was koel en fris in de hete nacht. Luz bleef drie maanden nachtdienst. Ze waren blij om haar toe te laten. Toen ze hem opereerden, maakte ze hem klaar voor de operatietafel; en ze hadden een grapje over vriend of klysma. Hij ging onder narcose en hield zichzelf stevig vast, zodat hij tijdens de gekke, spraakzame tijd nergens over zou zeuren. Nadat hij op krukken was gestapt, nam hij de temperatuur op zodat Luz niet uit bed hoefde op te staan. Er waren maar een paar patiënten, en ze wisten er allemaal van. Ze hielden allemaal van Luz. Terwijl hij door de gangen terugliep, dacht hij aan Luz in zijn bed. Voordat hij terugging naar het front gingen ze de Duomo binnen en baden. Het was schemerig en stil, en er waren andere mensen aan het bidden. Ze wilden trouwen, maar er was niet genoeg tijd voor de ondertrouw en geen van beiden had geboorteaktes. Ze hadden het gevoel alsof ze getrouwd waren, maar ze wilden dat iedereen ervan op de hoogte was en ervoor zorgde dat ze het niet konden verliezen. Luz schreef hem veel brieven die hij pas na de wapenstilstand kreeg. Vijftien kwamen in een groepje naar voren en hij sorteerde ze op datum en las ze allemaal door. Ze gingen allemaal over het ziekenhuis, en hoeveel ze van hem hield en hoe het onmogelijk was om zonder hem om te gaan en hoe vreselijk het was hem 's nachts te missen. Na de wapenstilstand kwamen ze overeen dat hij naar huis moest gaan om een ​​baan te zoeken, zodat ze konden trouwen. Luz zou pas naar huis komen als hij een goede baan had en naar New York kon komen om haar te ontmoeten. Het was duidelijk dat hij niet zou drinken en dat hij zijn vrienden of wie dan ook in de Verenigde Staten niet wilde zien. Alleen om een ​​baan te krijgen en te trouwen. In de trein van Padua naar Milaan kregen ze ruzie over het feit dat ze niet meteen naar huis wilde komen. Toen ze afscheid moesten nemen, in het station van Milaan, kusten ze elkaar vaarwel, maar waren nog niet klaar met de ruzie. Hij voelde zich misselijk toen hij zo afscheid nam. Hij ging naar Amerika op een boot vanuit Genua. Luz ging terug naar Pordonone om een ​​ziekenhuis te openen. Het was daar eenzaam en regenachtig, en er was een bataljon arditi gelegerd in de stad. De majoor van het bataljon, die 's winters in de modderige, regenachtige stad woonde, bedreef de liefde met Luz, en ze had nog nooit Italianen gekend, en schreef ten slotte aan de Verenigde Staten dat hun alleen een jongens- en meisjesaangelegenheid was geweest. Het speet haar en ze wist dat hij het waarschijnlijk niet zou kunnen begrijpen, maar op een dag zou ze het haar vergeven en dankbaar zijn, en ze verwachtte, geheel onverwacht, in het voorjaar te trouwen. Ze hield zoals altijd van hem, maar ze besefte nu dat het alleen maar een jongens- en meisjesliefde was. Ze hoopte dat hij een geweldige carrière zou hebben en geloofde absoluut in hem. Ze wist dat dit het beste was. De majoor trouwde niet met haar in de lente, of op een ander moment. Luz heeft nooit een antwoord gekregen op de brief aan Chicago erover. Korte tijd nadat hij gonorroe opliep van een verkoopster in een warenhuis, terwijl hij in een taxi door Lincoln Park reed."
English,en,"One hot evening in Padua they carried him up onto the roof and he could look out over the top of the town. There were chimney swifts in the sky. After a while it got dark and the searchlights came out. The others went down and took the bottles with them. He and Luz could hear them below on the balcony. Luz sat on the bed. She was cool and fresh in the hot night. Luz stayed on night duty for three months. They were glad to let her. When they operated on him she prepared him for the operating table; and they had a joke about friend or enema. He went under the anaesthetic holding tight on to himself so he would not blab about anything during the silly, talky time. After he got on crutches he used to take the temperatures so Luz would not have to get up from the bed. There were only a few patients, and they all knew about it. They all liked Luz. As he walked back along the halls he thought of Luz in his bed. Before he went back to the front they went into the Duomo and prayed. It was dim and quiet, and there were other people praying. They wanted to get married, but there was not enough time for the banns, and neither of them had birth certificates. They felt as though they were married, but they wanted everyone to know about it, and to make it so they could not lose it. Luz wrote him many letters that he never got until after the armistice. Fifteen came in a bunch to the front and he sorted them by the dates and read them all straight through. They were all about the hospital, and how much she loved him and how it was impossible to get along without him and how terrible it was missing him at night. After the armistice they agreed he should go home to get a job so they might be married. Luz would not come home until he had a good job and could come to New York to meet her. It was understood he would not drink, and he did not want to see his friends or anyone in the States. Only to get a job and be married. On the train from Padua to Milan they quarreled about her not being willing to come home at once. When they had to say good-bye, in the station at Milan, they kissed good-bye, but were not finished with the quarrel. He felt sick about saying good-bye like that. He went to America on a boat from Genoa. Luz went back to Pordonone to open a hospital. It was lonely and rainy there, and there was a battalion of arditi quartered in the town. Living in the muddy, rainy town in the winter, the major of the battalion made love to Luz, and she had never known Italians before, and finally wrote to the States that theirs had only been a boy and girl affair. She was sorry, and she knew he would probably not be able to understand, but might some day forgive her, and be grateful to her, and she expected, absolutely unexpectedly, to be married in the spring. She loved him as always, but she realized now it was only a boy and girl love. She hoped he would have a great career, and believed in him absolutely. She knew it was for the best. The major did not marry her in the spring, or any other time. Luz never got an answer to the letter to Chicago about it. A short time after he contracted gonorrhea from a sales girl in a loop department store while riding in a taxicab through Lincoln Park."
Estonian,et,"Ühel kuumal õhtul Padovas viisid nad ta katusele ja ta sai vaadata üle linna. Taevas olid korstnapöörded. Mõne aja pärast läks pimedaks ja prožektorid tulid välja. Teised läksid alla ja võtsid pudelid kaasa. Tema ja Luz kuulsid neid allpool rõdul. Luz istus voodil. Ta oli kuumal õhtul lahe ja värske. Luz jäi öökuuks kolmeks kuuks. Neil oli hea meel teda lubada. Kui nad teda opereerisid, valmistas ta ta ette operatsioonilauaks; ja neil oli nalja sõbra või klistiiri kohta. Ta läks anesteetikumi alla, hoides enesest kõvasti kinni, et ta rumalal ja jutuka ajal midagi ei karjuks. Pärast karkudele jõudmist kasutas ta temperatuuri, et Luz ei peaks voodist üles tõusma. Patsiente oli vaid paar ja nad kõik teadsid sellest. Neile kõigile Luz meeldis. Tagasi mööda koridore kõndides mõtles ta oma voodis Luzile. Enne rindele naasmist läksid nad Duomo sisse ja palvetasid. Oli hämar ja vaikne ning palvetamas oli ka teisi inimesi. Nad tahtsid abielluda, kuid keeldude tegemiseks ei jätkunud aega ja kummalgi polnud sünnitunnistust. Neil oli tunne, nagu oleksid nad abielus, kuid nad tahtsid, et kõik teaksid sellest ja teeksid selle nii, et nad ei saaks seda kaotada. Luz kirjutas talle palju kirju, mida ta sai alles pärast vaherahu. Viisteist tuli hunnikusse rindele ja ta sorteeris need kuupäevade järgi ja luges kõik läbi. Need kõik puudutasid haiglat ja seda, kui palju ta teda armastas ja kuidas oli võimatu ilma temata läbi saada ja kui kohutav oli see, et ta öösel puudus. Pärast vaherahu leppisid nad kokku, et ta peaks koju tööle minema, et nad saaksid abielluda. Luz ei tule koju enne, kui tal on hea töö ja ta võib tulla New Yorki temaga kohtuma. Mõisteti, et ta ei joo, ja ta ei tahtnud näha oma sõpru ega kedagi osariikides. Ainult selleks, et saada tööd ja olla abielus. Padovast Milanosse sõitnud rongis tülitsesid nad selle üle, et naine pole nõus kohe koju tulema. Kui nad pidid hüvasti jätma, siis Milano jaamas suudlesid nad hüvasti, kuid ei jäänud tüliga lõpuni. Tal oli halb, kui ta niimoodi hüvasti jättis. Ta läks Genovast paadiga Ameerikasse. Luz läks tagasi Pordonone'i, et avada haigla. Seal oli üksildane ja vihmane ning linnas asus arditi pataljon. Talvel mudases, vihmases linnas elades tegi pataljonimajor Luziga armastust ja ta polnud kunagi varem itaallasi tundnud ning kirjutas lõpuks osariikidele, et nende oma on olnud ainult poiste ja tüdrukute asi. Tal oli kahju ja ta teadis, et ta ei saa ilmselt aru, kuid võib ühel päeval talle andestada ja olla talle tänulik ning ta eeldas täiesti ootamatult, et ta saab kevadel abielluda. Ta armastas teda nagu alati, kuid sai nüüd aru, et see oli ainult poiste ja tüdrukute armastus. Ta lootis, et tal on suurepärane karjäär, ja uskus temasse absoluutselt. Ta teadis, et see oli parim. Major ei abiellunud temaga kevadel ega muul ajal. Luz ei saanud Chicagole saadetud kirjale kunagi vastust. Lühikest aega pärast seda, kui ta haigestus gonorröasse müügitüdrukult silmusekaubamajas, sõites taksoga läbi Lincolni pargi."
Finnish,fi,"Eräänä kuumana iltana Padovassa he veivät hänet katolle ja hän pystyi katsomaan kaupungin ylhäältä. Taivaalla oli savupiippunopeuksia. Hetken kuluttua tuli pimeä ja valonheittimet syttyivät. Muut menivät alas ja ottivat pullot mukaansa. Hän ja Luz kuulivat ne alta parvekkeelta. Luz istui sängyllä. Hän oli viileä ja raikas kuumana yönä. Luz oli yövuorossa kolme kuukautta. He olivat iloisia päästessään hänet. Kun he leikkaavat häntä, hän valmisti hänet leikkauspöydälle; ja heillä oli vitsi ystävästä tai peräruiskeesta. Hän meni anestesian alle pitäen tiukasti kiinni itsestään, jotta hän ei huutelisi mitään typerän ja puhuvan ajan aikana. Kun hän oli saanut kainalosauvat, hän käytti lämpötiloja, jotta Luzin ei tarvitsisi nousta sängystä. Potilaita oli vain muutama, ja he kaikki tiesivät siitä. He kaikki pitivät Luzista. Kävellessään takaisin käytävää pitkin hän ajatteli Luzia sängyssään. Ennen kuin hän palasi rintamalle, he menivät Duomoon ja rukoilivat. Oli hämärää ja hiljaista, ja muut ihmiset rukoilivat. He halusivat mennä naimisiin, mutta kieltoihin ei ollut tarpeeksi aikaa, eikä kummallakaan ollut syntymätodistuksia. He tunsivat olevansa naimisissa, mutta he halusivat kaikkien tietävän siitä ja tekevän sen niin, etteivät he voisi menettää sitä. Luz kirjoitti hänelle monia kirjeitä, joita hän ei saanut ennen kuin aselepo. Viisitoista tuli joukko eteen ja hän lajitteli ne päivämäärien mukaan ja luki ne kaikki läpi. He puhuivat vain sairaalasta ja siitä, kuinka paljon hän rakasti häntä ja kuinka oli mahdotonta tulla toimeen ilman häntä ja kuinka kauheaa se oli kadonnut yöllä. Aselevon jälkeen he sopivat, että hänen pitäisi mennä kotiin hakemaan työtä, jotta he voisivat mennä naimisiin. Luz ei tule kotiin ennen kuin hänellä on hyvä työpaikka ja hän voi tulla New Yorkiin tapaamaan häntä. Hän ymmärsi, ettei hän juo, eikä hän halunnut nähdä ystäviään tai ketään Yhdysvalloissa. Vain saada töitä ja mennä naimisiin. Junassa Padovasta Milanoon he riitelivät siitä, ettei hän halunnut tulla kotiin heti. Kun heidän täytyi sanoa hyvästit Milanon asemalla, he suutelivat hyvästit, mutta eivät päätyneet riitaan. Hän sairastui sanomalla hyvästit tuolla tavalla. Hän meni Amerikkaan laivalla Genovasta. Luz palasi Pordononeen avatakseen sairaalan. Siellä oli yksinäistä ja sateista, ja kaupungissa oli arditipataljoona. Talvella mutaisessa, sateisessa kaupungissa asuva pataljoonan majuri rakastui Luziin, eikä hän ollut koskaan tuntenut italialaisia ​​ennen ja kirjoitti lopulta valtioille, että he olivat olleet vain poika- ja tyttösuhde. Hän oli pahoillaan ja tiesi, ettei hän luultavasti pysty ymmärtämään, mutta voisi jonain päivänä antaa hänelle anteeksi ja olla kiitollinen hänelle, ja hän odotti aivan odottamatta menevänsä naimisiin keväällä. Hän rakasti häntä kuten aina, mutta ymmärsi nyt, että se oli vain poikien ja tyttöjen rakkautta. Hän toivoi, että hänellä olisi ura, ja uskoi häneen ehdottomasti. Hän tiesi, että se oli parasta. Majuri ei mennyt naimisiin hänen kanssaan keväällä eikä muina aikoina. Luz ei koskaan saanut vastausta Chicagoon lähetettyyn kirjeeseen. Hetken kuluttua hän sai gonorrean myyntityöltä silmukka -tavaratalossa ajaessaan taksilla Lincoln Parkin läpi."
French,fr,"Par une chaude soirée à Padoue, ils le portèrent sur le toit et il put contempler le haut de la ville. Il y avait des martinets ramoneurs dans le ciel. Au bout d'un moment, la nuit tomba et les projecteurs se sont éteints. Les autres descendirent et emportèrent les bouteilles avec eux. Lui et Luz pouvaient les entendre en bas sur le balcon. Luz s'assit sur le lit. Elle était fraîche et fraîche dans la nuit chaude. Luz est restée en service de nuit pendant trois mois. Ils étaient contents de la laisser. Quand ils l'ont opéré, elle l'a préparé pour la table d'opération ; et ils avaient une blague sur un ami ou un lavement. Il passa sous l'anesthésie en se tenant fermement sur lui-même pour ne pas bavarder sur quoi que ce soit pendant le temps idiot et bavard. Après avoir mis des béquilles, il prenait la température pour que Luz n'ait pas à se lever du lit. Il n'y avait que quelques patients, et ils le savaient tous. Ils aimaient tous Luz. En revenant dans les couloirs, il pensa à Luz dans son lit. Avant qu'il ne retourne au front, ils sont entrés dans le Duomo et ont prié. C'était sombre et calme, et il y avait d'autres personnes qui priaient. Ils voulaient se marier, mais il n'y avait pas assez de temps pour les bans, et aucun d'eux n'avait d'acte de naissance. Ils avaient l'impression d'être mariés, mais ils voulaient que tout le monde le sache et fasse en sorte qu'ils ne puissent pas le perdre. Luz lui écrivit de nombreuses lettres qu'il ne reçut qu'après l'armistice. Quinze sont arrivés en groupe au premier plan et il les a triés par dates et les a tous lus d'un bout à l'autre. Ils parlaient tous de l'hôpital, de combien elle l'aimait et de la façon dont il était impossible de s'en sortir sans lui et à quel point il lui manquait terriblement la nuit. Après l'armistice, ils ont convenu qu'il devrait rentrer chez lui pour trouver un emploi afin qu'ils puissent se marier. Luz ne rentrerait pas à la maison avant d'avoir un bon travail et de venir à New York pour la rencontrer. Il était entendu qu'il ne boirait pas et qu'il ne voulait pas voir ses amis ou qui que ce soit aux États-Unis. Seulement pour trouver un travail et se marier. Dans le train de Padoue à Milan, ils se sont disputés parce qu'elle ne voulait pas rentrer tout de suite. Quand ils durent se dire au revoir, à la gare de Milan, ils s'embrassèrent au revoir, mais n'en finirent pas avec la querelle. Il se sentait malade de dire au revoir comme ça. Il est allé en Amérique sur un bateau de Gênes. Luz est retournée à Pordonone pour ouvrir un hôpital. C'était solitaire et pluvieux là-bas, et il y avait un bataillon d'arditi cantonné dans la ville. Vivant dans la ville boueuse et pluvieuse en hiver, le major du bataillon a fait l'amour à Luz, et elle n'avait jamais connu d'Italiens auparavant, et a finalement écrit aux États que leur affaire n'avait été qu'une affaire de garçons et de filles. Elle était désolée, et elle savait qu'il ne pourrait probablement pas comprendre, mais qu'il pourrait un jour lui pardonner et lui être reconnaissant, et elle s'attendait, de manière absolument inattendue, à se marier au printemps. Elle l'aimait comme toujours, mais elle réalisait maintenant que ce n'était qu'un amour de garçon et de fille. Elle espérait qu'il ferait une belle carrière et croyait absolument en lui. Elle savait que c'était pour le mieux. Le major ne l'a pas épousée au printemps, ni à aucun autre moment. Luz n'a jamais eu de réponse à la lettre à Chicago à ce sujet. Peu de temps après, il a contracté la gonorrhée d'une vendeuse dans un grand magasin en boucle alors qu'il conduisait un taxi à travers Lincoln Park."
German,de,"An einem heißen Abend in Padua trugen sie ihn aufs Dach und er konnte über die Stadt blicken. Am Himmel waren Schornsteinfeger. Nach einer Weile wurde es dunkel und die Scheinwerfer gingen aus. Die anderen gingen hinunter und nahmen die Flaschen mit. Er und Luz konnten sie unten auf dem Balkon hören. Luz saß auf dem Bett. Sie war kühl und frisch in der heißen Nacht. Luz blieb drei Monate im Nachtdienst. Sie waren froh, sie zu lassen. Als sie ihn operierten, bereitete sie ihn für den Operationstisch vor; und sie hatten einen Witz über Freund oder Einlauf. Er ging unter die Narkose und hielt sich an sich fest, damit er während der albernen, gesprächigen Zeit über nichts schwatzte. Nachdem er auf Krücken gestiegen war, maß er die Temperaturen, damit Luz nicht aus dem Bett aufstehen musste. Es gab nur wenige Patienten, und alle wussten davon. Sie alle mochten Luz. Als er durch die Flure zurückging, dachte er an Luz in seinem Bett. Bevor er wieder an die Front ging, gingen sie in den Dom und beteten. Es war dunkel und still, und andere Leute beteten. Sie wollten heiraten, aber die Zeit reichte nicht für das Aufgebot, und keiner von beiden hatte eine Geburtsurkunde. Sie fühlten sich wie verheiratet, aber sie wollten, dass jeder davon erfährt und es so macht, dass sie es nicht verlieren. Luz schrieb ihm viele Briefe, die er erst nach dem Waffenstillstand erhielt. Fünfzehn kamen reihenweise nach vorne, und er sortierte sie nach den Daten und las sie alle durch. Sie drehten sich alle um das Krankenhaus, und wie sehr sie ihn liebte und wie unmöglich es war, ohne ihn auszukommen und wie schrecklich es war, ihn nachts zu vermissen. Nach dem Waffenstillstand vereinbarten sie, dass er nach Hause gehen sollte, um einen Job zu finden, damit sie heiraten könnten. Luz würde nicht nach Hause kommen, bis er einen guten Job hatte und nach New York kommen konnte, um sie zu treffen. Es war klar, dass er nicht trinken würde, und er wollte weder seine Freunde noch irgendjemanden in den Staaten sehen. Nur um einen Job zu bekommen und zu heiraten. Im Zug von Padua nach Mailand stritten sie sich darüber, dass sie nicht sofort nach Hause kommen wollte. Als sie sich im Bahnhof von Mailand verabschieden mussten, küssten sie sich zum Abschied, waren aber mit dem Streit noch nicht fertig. Es wurde ihm schlecht, sich so zu verabschieden. Er fuhr mit einem Boot von Genua nach Amerika. Luz ging zurück nach Pordonone, um ein Krankenhaus zu eröffnen. Es war einsam und regnerisch dort, und in der Stadt war ein Bataillon Arditen einquartiert. Der Major des Bataillons, der im Winter in der schlammigen, regnerischen Stadt lebte, liebte Luz, und sie hatte noch nie zuvor Italiener gekannt und schrieb schließlich an die Staaten, dass ihre nur eine Jungen- und Mädchenangelegenheit gewesen seien. Es tat ihr leid, und sie wusste, dass er es wahrscheinlich nicht verstehen würde, aber vielleicht eines Tages verzeihen und ihr dankbar sein würde, und sie erwartete völlig unerwartet, im Frühjahr zu heiraten. Sie liebte ihn wie immer, aber jetzt erkannte sie, dass es nur eine Jungen- und Mädchenliebe war. Sie hoffte, dass er eine großartige Karriere machen würde, und glaubte absolut an ihn. Sie wusste, dass es das Beste war. Der Major hat sie weder im Frühjahr noch sonst geheiratet. Luz bekam nie eine Antwort auf den Brief an Chicago darüber. Kurze Zeit später erkrankte er bei einer Verkäuferin in einem Loop-Kaufhaus an Gonorrhoe, als er in einem Taxi durch den Lincoln Park fuhr."
Greek,el,"Ένα καυτό βράδυ στην Πάντοβα τον ανέβασαν στην ταράτσα και μπορούσε να κοιτάξει την κορυφή της πόλης. Υπήρχαν μετατροπές καμινάδας στον ουρανό. Μετά από λίγο σκοτείνιασε και οι προβολείς βγήκαν. Οι άλλοι κατέβηκαν και πήραν μαζί τους τα μπουκάλια. Αυτός και ο Λουζ τους άκουγαν κάτω στο μπαλκόνι. Ο Λουζ κάθισε στο κρεβάτι. Coolταν δροσερή και φρέσκια τη ζεστή νύχτα. Ο Λουζ έμεινε σε νυχτερινή υπηρεσία για τρεις μήνες. Χάρηκαν που την άφησαν. Όταν τον χειρούργησαν, τον προετοίμασε για το χειρουργικό τραπέζι. και είχαν ένα αστείο για φίλο ή κλύσμα. Πήγε κάτω από το αναισθητικό κρατώντας σφιχτά τον εαυτό του, ώστε να μην κατηγορήσει τίποτα κατά τη διάρκεια του ανόητου, ομιλητικού χρόνου. Αφού πήρε πατερίτσες συνήθιζε να κάνει τις θερμοκρασίες ώστε ο Λουζ να μην χρειαστεί να σηκωθεί από το κρεβάτι. Υπήρχαν μόνο λίγοι ασθενείς και όλοι το ήξεραν. Σε όλους άρεσε η Λουζ. Καθώς γυρνούσε πίσω στις αίθουσες σκέφτηκε τη Λουζ στο κρεβάτι του. Πριν επιστρέψει στο μέτωπο, μπήκαν στο Duomo και προσευχήθηκαν. Dimταν σκοτεινό και ήσυχο και υπήρχαν άλλοι άνθρωποι που προσευχόταν. Wantedθελαν να παντρευτούν, αλλά δεν υπήρχε αρκετός χρόνος για τα banns, και κανένας από τους δύο δεν είχε πιστοποιητικά γέννησης. Ένιωθαν σαν να ήταν παντρεμένοι, αλλά ήθελαν να το μάθουν όλοι και να το κάνουν έτσι ώστε να μην μπορούν να το χάσουν. Ο Λουζ του έγραψε πολλά γράμματα που δεν πήρε ποτέ μετά την ανακωχή. Δεκαπέντε ήρθαν σε ένα σωρό μπροστά και τα ταξινόμησε με βάση τις ημερομηνίες και τα διάβασε όλα κατευθείαν. Wereταν όλοι για το νοσοκομείο και πόσο τον αγαπούσε και πώς ήταν αδύνατο να τα βγάλει πέρα ​​χωρίς αυτόν και πόσο φοβερό του έλειπε τη νύχτα. Μετά την ανακωχή συμφώνησαν ότι έπρεπε να πάει σπίτι για να βρει δουλειά, ώστε να παντρευτούν. Ο Λουζ δεν θα ερχόταν σπίτι μέχρι να είχε καλή δουλειά και θα μπορούσε να έρθει στη Νέα Υόρκη να τη συναντήσει. Wasταν κατανοητό ότι δεν θα έπινε και δεν ήθελε να δει τους φίλους του ή κανέναν στις Πολιτείες. Μόνο για να βρω δουλειά και να παντρευτώ. Στο τρένο από την Πάντοβα για το Μιλάνο τσακώθηκαν επειδή δεν ήταν πρόθυμη να επιστρέψει αμέσως στο σπίτι. Όταν έπρεπε να αποχαιρετήσουν, στο σταθμό του Μιλάνου, φίλησαν αντίο, αλλά δεν τελείωσαν με τον καβγά. Ένιωσε άρρωστος που είπε αντίο έτσι. Πήγε στην Αμερική με ένα καράβι από τη Γένοβα. Ο Λουζ επέστρεψε στην Πορντόνενε για να ανοίξει ένα νοσοκομείο. Itταν μοναχικός και βροχερός εκεί, και υπήρχε ένα τάγμα αρδίτη στην πόλη. Ζώντας στη λασπώδη, βροχερή πόλη το χειμώνα, ο ταγματάρχης του τάγματος έκανε έρωτα με τη Λουζ και δεν είχε γνωρίσει ποτέ Ιταλούς πριν, και τελικά έγραψε στις Πολιτείες ότι η σχέση τους ήταν μόνο αγόρι και κορίτσι. Λυπήθηκε και ήξερε ότι πιθανότατα δεν θα μπορούσε να το καταλάβει, αλλά μπορεί κάποια μέρα να τη συγχωρήσει και να της είναι ευγνώμων, και περίμενε, εντελώς απροσδόκητα, να παντρευτεί την άνοιξη. Τον αγαπούσε όπως πάντα, αλλά συνειδητοποίησε ότι τώρα ήταν μόνο η αγάπη ενός αγοριού και ενός κοριτσιού. Hopλπιζε ότι θα είχε μεγάλη καριέρα και τον πίστευε απόλυτα. Knewξερε ότι ήταν για το καλύτερο. Ο ταγματάρχης δεν την παντρεύτηκε την άνοιξη, ή οποιαδήποτε άλλη στιγμή. Ο Λουζ δεν έλαβε ποτέ απάντηση στο γράμμα στο Σικάγο σχετικά με αυτό. Λίγο καιρό αφότου έπαθε γονόρροια από μια κοπέλα πωλήσεων σε ένα πολυκατάστημα βρόχων, ενώ επέβαινε σε ταξί στο Πάρκο Λίνκολν."
Hungarian,hu,"Egy forró estén Padovában felvitték a tetőre, és kinézett a város tetejére. Kéménysebesek voltak az égen. Egy idő után besötétedett és kialudtak a reflektorok. A többiek lementek, és magukkal vitték az üvegeket. Ő és Luz hallhatták őket lent az erkélyen. Luz leült az ágyra. Hűvös és friss volt a forró éjszakában. Luz három hónapig maradt éjszakai szolgálatban. Örömmel engedték. Amikor megműtötték, felkészítette a műtőasztalra; és viccelődtek a barátjukkal vagy a beöntéssel. Az érzéstelenítő alá vonta magát, és szorosan magához szorította, hogy ne dumáljon semmiről a buta, beszédes időben. Miután mankóra kapott, szokta mérni a hőmérsékletet, hogy Luznak ne kelljen felkelnie az ágyból. Csak néhány beteg volt, és mindannyian tudtak róla. Mindannyian kedvelték Luzot. Ahogy visszasétált a folyosón, Luzra gondolt az ágyában. Mielőtt visszament a frontra, bementek a Dómba és imádkoztak. Homályos és csendes volt, és mások imádkoztak. Házasodni akartak, de nem volt elég idő a tiltásokra, és egyiküknek sem volt születési anyakönyvi kivonata. Úgy érezték magukat, mintha házasok lennének, de azt akarták, hogy mindenki tudjon róla, és tegye úgy, hogy ne veszítsék el. Luz sok levelet írt neki, amelyeket csak a fegyverszünet után kapott. Tizenöten jöttek a frontra, és a dátumok szerint rendezte őket, és végigolvasta. Mindannyian a kórházról szóltak, és arról, hogy mennyire szereti őt, és hogy lehetetlen boldogulni nélküle, és milyen szörnyű, hogy hiányzik éjszaka. A fegyverszünet után megegyeztek, hogy haza kell mennie munkát szerezni, hogy összeházasodhassanak. Luz nem jön haza, amíg nem lesz jó állása, és New Yorkba jöhet, hogy találkozzon vele. Megértették, hogy nem iszik, és nem akarja látni barátait vagy senkit az Államokban. Csak azért, hogy munkához jusson, és férjhez menjen. A Padovából Milánóba tartó vonaton összevesztek, hogy nem hajlandó azonnal hazajönni. Amikor el kellett búcsúzniuk, a milánói állomáson búcsút intettek, de nem fejezték be a veszekedést. Rosszul érezte magát, hogy így búcsúzik. Genovából érkezett hajóval Amerikába ment. Luz visszament Pordonone -ba, hogy kórházat nyisson. Magányos és esős idő volt ott, és egy zászlóalj arditi volt a városban. A zászlóalj őrnagya télen a sáros, esős városban lakott, és szerelmes volt Luzhoz, ő pedig soha nem ismert olaszokat, és végül azt írta az Államoknak, hogy az övék csak fiú és lány ügy volt. Sajnálta, és tudta, hogy valószínűleg nem fogja tudni megérteni, de egy nap talán megbocsát neki, és hálás lesz neki, és teljesen váratlanul azt várta, hogy tavasszal férjhez megy. Szerette őt, mint mindig, de most rájött, hogy ez csak fiú és lány szerelem. Remélte, hogy nagy karrierje lesz, és abszolút hitt benne. Tudta, hogy ez a legjobb. Az őrnagy nem vette feleségül tavasszal, vagy máskor. Luz soha nem kapott választ a Chicagóhoz intézett levélre. Röviddel azután, hogy gonorrhoea -t kapott egy hurokáruházban dolgozó eladólánytól, miközben taxival utazott a Lincoln Parkon."
Icelandic,is,"Eitt heitt kvöld í Padua báru þeir hann upp á þakið og hann gat horft út yfir bæinn. Það voru reykháfar á himninum. Eftir smá stund varð dimmt og leitarljósin slokknuðu. Hinir fóru niður og tóku flöskurnar með sér. Hann og Luz heyrðu þau hér fyrir neðan á svölunum. Luz sat á rúminu. Hún var svöl og fersk á heitri nóttinni. Luz var á næturvakt í þrjá mánuði. Þeir voru ánægðir með að leyfa henni. Þegar þeir aðgerðuðu hann undirbjó hún hann fyrir skurðborðið; og þeir höfðu grín að vini eða klofnaði. Hann fór undir deyfilyfið og hélt þétt við sjálfan sig svo hann myndi ekki klúðra neinu á meðan kjánalegur, spjallaður tíminn var. Eftir að hann steig á hækjur var hann vanur að taka hitastigið svo að Luz þyrfti ekki að standa upp úr rúminu. Það voru aðeins nokkrir sjúklingar og þeir vissu allir um það. Öllum líkaði þeim Luz. Þegar hann gekk aftur um gangana hugsaði hann um Luz í rúminu sínu. Áður en hann fór aftur að framan fóru þeir inn í Duomo og báðu. Það var dimmt og rólegt og það var annað fólk sem baðst fyrir. Þau vildu gifta sig en það var ekki nægur tími fyrir bönnin og hvorugt þeirra var með fæðingarvottorð. Þeim leið eins og þau væru gift, en þau vildu að allir vissu um það og gerðu það svo að þeir gætu ekki misst það. Luz skrifaði honum mörg bréf sem hann fékk aldrei fyrr en eftir vopnahlé. Fimmtán komu í hópi framan af og hann flokkaði þær eftir dagsetningunum og las þær allar beint í gegn. Þau snerust öll um sjúkrahúsið og hversu mikið hún elskaði hann og hversu ómögulegt var að komast án hans og hversu hræðilegt það vantaði hann á nóttunni. Eftir vopnahléið samþykktu þeir að hann ætti að fara heim til að fá vinnu svo að þeir gætu verið giftir. Luz myndi ekki koma heim fyrr en hann hefði fengið góða vinnu og gæti komið til New York til að hitta hana. Það var skilið að hann myndi ekki drekka og hann vildi ekki hitta vini sína eða neinn í Bandaríkjunum. Aðeins til að fá vinnu og vera gift. Í lestinni frá Padua til Mílanó rifust þeir um að hún væri ekki tilbúin að koma heim strax. Þegar þau þurftu að kveðja, í stöðinni í Mílanó, kysstu þau bless, en voru ekki búin með deiluna. Honum leið illa þegar hann kvaddi svona. Hann fór til Ameríku á bát frá Genúa. Luz fór aftur til Pordonone til að opna sjúkrahús. Það var einmana og rigning þar, og það var herdeild arditi sem var í fjórðungi í bænum. Major í sveitinni bjó í drullugum, rigningarbænum á veturna og elskaði Luz og hún hafði aldrei þekkt Ítali áður og skrifaði að lokum til Bandaríkjanna að þeirra hefði aðeins verið drengja- og stúlkusamband. Hún var miður sín og hún vissi að hann myndi sennilega ekki geta skilið, en gæti einhvern tímann fyrirgefið henni og verið henni þakklát og hún bjóst alveg óvænt við því að gifta sig í vor. Hún elskaði hann eins og alltaf, en hún áttaði sig á því núna að þetta var aðeins drengja- og stelpuást. Hún vonaði að hann myndi eiga frábæran feril og trúði algjörlega á hann. Hún vissi að það var af hinu besta. Major giftist henni ekki á vormánuðum eða öðrum tíma. Luz fékk aldrei svar við bréfinu til Chicago um það. Stuttu eftir að hann fékk sýkingarstelpu af afgreiðslustúlku í lykkjuverslun meðan hún hjólaði í leigubíl í gegnum Lincoln Park."
Italian,it,"Una calda sera di Padova lo portarono sul tetto e poté affacciarsi sulla sommità della città. C'erano rondoni di camino nel cielo. Dopo un po' si fece buio e si spensero i riflettori. Gli altri scesero e portarono con sé le bottiglie. Lui e Luz li sentivano di sotto sul balcone. Luz si sedette sul letto. Era fresca e fresca nella notte calda. Luz ha fatto il turno di notte per tre mesi. Erano felici di lasciarla. Quando lo operarono lo preparò per il tavolo operatorio; e avevano una battuta sull'amico o sul clistere. Passò sotto l'anestetico tenendosi stretto a se stesso in modo da non blaterare di nulla durante lo sciocco tempo di chiacchiere. Dopo aver preso le stampelle, prendeva le temperature così Luz non doveva alzarsi dal letto. C'erano solo pochi pazienti e tutti lo sapevano. Luz piaceva a tutti. Mentre tornava lungo i corridoi pensò a Luz nel suo letto. Prima che tornasse al fronte entrarono in Duomo e pregarono. Era buio e silenzioso, e c'erano altre persone che pregavano. Volevano sposarsi, ma non c'era tempo per le pubblicazioni e nessuno dei due aveva certificati di nascita. Si sentivano come se fossero sposati, ma volevano che tutti lo sapessero e che lo facessero in modo che non potessero perderlo. Luz gli scrisse molte lettere che non ricevette fino a dopo l'armistizio. Quindici sono arrivati ​​in gruppo davanti e li ha ordinati in base alle date e li ha letti tutti direttamente. Erano tutti incentrati sull'ospedale, e su quanto lo amava e su come fosse impossibile andare avanti senza di lui e su quanto terribile fosse la sua mancanza di notte. Dopo l'armistizio decisero che sarebbe dovuto tornare a casa per trovare un lavoro in modo che potessero sposarsi. Luz non sarebbe tornato a casa finché non avesse avuto un buon lavoro e non fosse potuto venire a New York per incontrarla. Si era capito che non avrebbe bevuto e non voleva vedere i suoi amici o nessuno negli Stati Uniti. Solo per trovare un lavoro ed essere sposati. In treno da Padova a Milano litigavano perché lei non voleva tornare subito a casa. Quando dovettero salutare, alla stazione di Milano, si salutarono con un bacio, ma non ebbero finito con la lite. Si sentiva male a dire addio in quel modo. È andato in America su una nave da Genova. Luz tornò a Pordonone per aprire un ospedale. Là era solitario e piovoso, e c'era un battaglione di arditi acquartierato nella città. Vivendo in inverno nella città fangosa e piovosa, il maggiore del battaglione fece l'amore con Luz, e lei non aveva mai conosciuto italiani prima, e alla fine scrisse agli Stati Uniti che la loro era stata solo una relazione tra maschi e femmine. Era dispiaciuta, e sapeva che probabilmente non sarebbe stato in grado di capire, ma un giorno avrebbe potuto perdonarla e esserle grata, e si aspettava, assolutamente inaspettatamente, di sposarsi in primavera. Lo amava come sempre, ma ora si rendeva conto che era solo l'amore di un ragazzo e una ragazza. Sperava che avrebbe avuto una grande carriera e credeva in lui assolutamente. Sapeva che era per il meglio. Il maggiore non la sposò in primavera, né in nessun altro momento. Luz non ha mai ricevuto risposta alla lettera a Chicago in merito. Poco tempo dopo aver contratto la gonorrea da una commessa in un grande magazzino mentre viaggiava in taxi attraverso Lincoln Park."
Latvian (Lettish),lv,"Kādu karstu vakaru Padovā viņi pacēla viņu uz jumta, un viņš varēja vērot pilsētas virsotni. Debesīs bija redzami skursteņu pūtēji. Pēc kāda laika kļuva tumšs un izgaismojās prožektori. Pārējie nokāpa un paņēma līdzi pudeles. Viņš un Lūzs tos varēja dzirdēt zemāk uz balkona. Lūzs apsēdās uz gultas. Viņa bija vēsa un svaiga karstā naktī. Lūss trīs mēnešus pavadīja nakts dienestā. Viņi bija priecīgi viņai ļaut. Kad viņi viņu operēja, viņa sagatavoja viņu operāciju galdam; un viņiem bija joks par draugu vai klizmu. Viņš devās zem anestēzijas līdzekļa, stingri turēdamies pie sevis, lai dumjā, runīgajā laikā ne par ko nebļautos. Pēc tam, kad viņš bija saņēmis kruķus, viņš mēra temperatūru, lai Luzam nebūtu jāceļas no gultas. Bija tikai daži pacienti, un viņi visi par to zināja. Viņiem visiem patika Lūza. Ejot atpakaļ pa zālēm, viņš domāja par Lūzu savā gultā. Pirms viņš devās atpakaļ uz fronti, viņi iegāja Duomo un lūdzās. Tas bija blāvs un kluss, un citi cilvēki lūdzās. Viņi gribēja apprecēties, bet aizliegumiem nepietika laika, un nevienam no viņiem nebija dzimšanas apliecības. Viņiem šķita, ka viņi ir precējušies, bet viņi vēlējās, lai visi par to uzzinātu un padarītu to tā, lai viņi to nevarētu pazaudēt. Lūzs uzrakstīja viņam daudzas vēstules, kuras viņš saņēma tikai pēc pamiera noslēgšanas. Piecpadsmit nāca barā uz priekšu, un viņš sakārtoja tos pēc datumiem un izlasīja tos visus. Viņi visi runāja par slimnīcu un par to, cik ļoti viņa viņu mīl un kā nebija iespējams iztikt bez viņa un cik briesmīgi viņam pietrūka naktī. Pēc pamiera viņi vienojās, ka viņam jādodas mājās, lai iegūtu darbu, lai viņi varētu būt precējušies. Lūzs nenāca mājās, kamēr viņam nebija labs darbs un viņš varēja ierasties Ņujorkā, lai viņu satiktu. Tika saprasts, ka viņš nedzer, un viņš negribēja redzēt savus draugus vai nevienu štatu. Tikai, lai dabūtu darbu un būtu precējies. Vilcienā no Padujas uz Milānu viņi strīdējās par to, ka viņa nevēlas uzreiz atgriezties mājās. Kad viņiem nācās atvadīties, Milānas stacijā viņi noskūpstīja ardievas, bet ar strīdu netika pabeigti. Viņam palika slikti, šādi atvadoties. Viņš devās uz Ameriku ar laivu no Dženovas. Lūzs devās atpakaļ uz Pordononi, lai atvērtu slimnīcu. Tur bija vientuļš un lietains, un pilsētā atradās arditi bataljons. Ziemā dzīvojot dubļainajā, lietainajā pilsētā, bataljona majors mīlējās ar Lūzu, un viņa nekad iepriekš nebija pazinusi itāļus, un visbeidzot uzrakstīja valstīm, ka viņas bijušas tikai zēnu un meiteņu lieta. Viņai bija žēl, un viņa zināja, ka viņš, visticamāk, nespēs saprast, bet varbūt kādu dienu viņai piedos un būs viņai pateicīgs, un viņa negaidīti gaidīja, ka pavasarī apprecēsies. Viņa mīlēja viņu kā vienmēr, bet tagad saprata, ka tā ir tikai zēnu un meiteņu mīlestība. Viņa cerēja, ka viņam būs lieliska karjera, un ticēja viņam absolūti. Viņa zināja, ka tas ir labākais. Majors viņu neprecēja ne pavasarī, ne kādā citā laikā. Lūzs nekad nesaņēma atbildi uz vēstuli Čikāgai par to. Neilgi pēc tam, kad viņš no pārdevējas meitenes saslima ar gonoreju cilpas universālveikalā, braucot ar taksometru pa Linkolna parku."
Lithuanian,lt,"Vieną karštą vakarą Paduvoje jie pakėlė jį ant stogo ir jis galėjo pažvelgti į miesto viršūnę. Danguje buvo dūmtraukiai. Po kurio laiko sutemo ir užsidegė prožektoriai. Kiti nusileido ir pasiėmė butelius. Jis ir Luzas juos girdėjo balkone. Luzas atsisėdo ant lovos. Karštą naktį ji buvo vėsi ir gaivi. Luzas tris mėnesius budėjo naktį. Jie džiaugėsi ją leidę. Kai jie jį operavo, ji paruošė jį operaciniam stalui; ir jie juokavo apie draugą ar klizmą. Jis nusileido po anestezijos, tvirtai laikydamasis savęs, kad kvailiu ir šnekučiu laiku nieko nesipiktintų. Po to, kai jis gavo ramentus, jis matavo temperatūrą, kad Luzui nereikėtų keltis iš lovos. Buvo tik keli pacientai, ir jie visi apie tai žinojo. Jiems visiems patiko Luzas. Eidamas atgal koridoriais jis pagalvojo apie Luzą savo lovoje. Prieš jam grįžtant į frontą, jie įėjo į Duomo ir meldėsi. Buvo tamsu ir tylu, buvo ir kitų žmonių, besimeldžiančių. Jie norėjo susituokti, tačiau uždraudimams nebuvo pakankamai laiko ir nė vienas iš jų neturėjo gimimo liudijimų. Jie jautėsi tarsi susituokę, tačiau norėjo, kad visi apie tai žinotų ir kad jie to neprarastų. Luzas parašė jam daug laiškų, kurių jis negavo tik po paliaubų. Penkiolika atėjo į priekį, jis surūšiavo jas pagal datas ir perskaitė visas. Jie visi buvo apie ligoninę, apie tai, kaip ji jį myli ir kaip neįmanoma išsiversti be jo ir kaip baisiai jo trūko naktį. Po paliaubų jie susitarė, kad jis turėtų grįžti namo ir susirasti darbą, kad galėtų susituokti. Luzas negrįš namo, kol turės gerą darbą ir galėtų atvykti į Niujorką jos pasitikti. Buvo suprasta, kad jis negers, ir jis nenorėjo matyti savo draugų ar kitų valstybių. Tik norint įsidarbinti ir susituokti. Traukinyje iš Padujos į Milaną jie ginčijosi dėl to, kad ji nenori iš karto grįžti namo. Kai jie turėjo atsisveikinti, Milano stotyje jie bučiavosi, bet nesibaigė kivirčo. Jam pasidarė bloga taip atsisveikinti. Į Ameriką jis išplaukė laivu iš Genujos. Luzas grįžo į Pordonone atidaryti ligoninės. Ten buvo vieniša ir lietinga, mieste buvo įsikūręs batalionas arditi. Žiemą gyvenęs purviname, lietingame mieste, bataliono majoras mylėjosi su Luz, o ji niekada anksčiau nepažinojo italų ir galiausiai parašė Valstijoms, kad jų reikalas buvo tik berniuko ir mergaitės. Jai buvo gaila ir ji žinojo, kad jis tikriausiai nesugebės suprasti, bet galbūt kada nors jai atleis ir bus jai dėkingas, ir ji tikėjosi, kad visiškai netikėtai susituokė pavasarį. Ji mylėjo jį kaip visada, bet dabar suprato, kad tai tik berniuko ir mergaitės meilė. Ji tikėjosi, kad jis turės puikią karjerą, ir visiškai juo tikėjo. Ji žinojo, kad tai geriausia. Majoras nei vedė ją pavasarį, nei kitu metu. Luzas niekada negavo atsakymo į laišką Čikagai apie tai. Neilgai trukus jis užsikrėtė gonorėja iš pardavėjos merginos kilpų universalinėje parduotuvėje, važiuodamas taksi automobiliu per Linkolno parką."
Macedonian,mk,"Една жешка вечер во Падова го однесоа на покривот и можеше да погледне низ горниот дел на градот. Имаше смени на оџаци на небото. По некое време се стемни и рефлекторите излегоа. Останатите слегоа и ги зедоа шишињата со себе. Тој и Луз можеа да ги слушнат подолу на балконот. Луз седна на креветот. Беше кул и свежа во жешката ноќ. Луз остана на ноќна должност три месеци. Се радуваа што и дозволија. Кога го оперираа таа го подготви за операционата маса; и имаа шега за пријател или клизма. Отиде под анестетик држејќи се цврсто за себе, за да не лупа за ништо за време на глупо, зборливо време. Откако се качи на патерици, тој ги мереше температурите за Луз да не мора да станува од креветот. Имаше само неколку пациенти, и сите знаеја за тоа. На сите им се допадна Луз. Додека се враќаше по ходниците, помисли на Луз во својот кревет. Пред да се врати на фронтот, тие влегоа во Дуомо и се помолија. Беше пригушено и тивко, а имаше и други луѓе што се молеа. Сакаа да се венчаат, но немаше доволно време за бан, и ниту еден од нив немаше изводи. Се чувствуваа како да се во брак, но сакаа сите да знаат за тоа и да го направат тоа за да не можат да го изгубат. Луз му напиша многу писма што никогаш не ги добил по примирјето. Петнаесет дојдоа еден куп напред и ги подреди по датумите и ги прочита сите директно. Сите беа за болницата, и колку таа го сака и како е невозможно да се сложува без него и колку страшно му недостасуваше ноќе. По примирјето, тие се согласија дека треба да си оди дома за да се вработи, за да се венчаат. Луз нема да се врати дома додека нема добра работа и може да дојде во Newујорк да ја запознае. Се разбираше дека нема да пие и не сакаше да ги види своите пријатели или некој во Соединетите држави. Само да се вработи и да се ожени. Во возот од Падова до Милано, тие се расправаа за тоа дека таа не е подготвена да се врати дома одеднаш. Кога требаше да се збогуваат, во станицата во Милано, тие се бакнаа со збогум, но не беа завршени со кавгата. Му се слоши кога се прости така. Отиде во Америка со брод од oенова. Луз се врати во Пордононе за да отвори болница. Таму беше осамено и врнежливо, а во градот имаше баталјон ардити. Theивеејќи во матниот, дождлив град во зима, мајорот на баталјонот водеше loveубов со Луз, и таа никогаш порано не ги познавала Италијанците, и конечно им пишувала на државите дека нивната била само афера меѓу момчиња и девојчиња. Was беше жал, и знаеше дека тој веројатно нема да може да разбере, но можеби некој ден ќе и прости и ќе и биде благодарна, и таа очекуваше, апсолутно неочекувано, да се венча во пролетта. Го сакаше како и секогаш, но сега сфати дека тоа е само boyубов за момче и девојка. Таа се надеваше дека ќе има одлична кариера и апсолутно веруваше во него. Таа знаеше дека тоа е за најдобро. Мајор не се оженил со неа во пролет, или во кое било друго време. Луз никогаш не доби одговор на писмото до Чикаго за тоа. Кратко време откако се разболе од гонореја од продавачка во стоковна куќа, додека се возеше во такси преку паркот Линколн."
Norwegian,no,"En varm kveld i Padua bar de ham opp på taket, og han kunne se ut over toppen av byen. Det var skorsteinsvinger på himmelen. Etter en stund ble det mørkt og søkelysene slukket. De andre gikk ned og tok med seg flaskene. Han og Luz kunne høre dem nedenfor på balkongen. Luz satt på sengen. Hun var kjølig og frisk i den varme natten. Luz ble på nattvakt i tre måneder. De var glade for å la henne. Da de opererte ham, forberedte hun ham på operasjonsbordet; og de hadde en spøk om venn eller klyster. Han gikk under bedøvelsen og holdt seg tett på seg selv, slik at han ikke skulle prate om noe i løpet av den dumme, pratetiden. Etter at han satte seg på krykker, brukte han å ta temperaturene for at Luz ikke skulle stå opp fra sengen. Det var bare noen få pasienter, og de visste alle om det. De likte alle Luz. Da han gikk tilbake langs gangene tenkte han på Luz i sengen. Før han gikk tilbake til fronten gikk de inn i Duomo og ba. Det var svakt og stille, og det var andre mennesker som ba. De ønsket å gifte seg, men det var ikke nok tid til forbudene, og ingen av dem hadde fødselsattest. De følte at de var gift, men de ville at alle skulle vite om det og gjøre det slik at de ikke kunne miste det. Luz skrev mange brev til ham som han aldri fikk før etter våpenhvilen. Femten kom i en gjeng foran, og han sorterte dem etter datoene og leste dem alle rett igjennom. De handlet om sykehuset, og hvor høyt hun elsket ham og hvordan det var umulig å klare seg uten ham og hvor fryktelig det var å savne ham om natten. Etter våpenhvilen ble de enige om at han skulle gå hjem for å få jobb, slik at de kunne være gift. Luz ville ikke komme hjem før han hadde en god jobb og kunne komme til New York for å møte henne. Det var forstått at han ikke ville drikke, og han ønsket ikke å se vennene sine eller noen i USA. Bare for å få jobb og bli gift. På toget fra Padua til Milano kranglet de om at hun ikke var villig til å komme hjem med en gang. Da de måtte si farvel, på stasjonen i Milano, kysset de farvel, men var ikke ferdige med krangelen. Han var kvalm av å si farvel på den måten. Han dro til Amerika på en båt fra Genova. Luz dro tilbake til Pordonone for å åpne et sykehus. Det var ensomt og regnfullt der, og det var en bataljon av arditi som var kvart i byen. Majoren i bataljonen bodde i den gjørmete, regnfulle byen om vinteren, og elsket Luz, og hun hadde aldri kjent italienere før, og skrev til slutt at de bare hadde vært en gutt og jente. Hun var lei seg, og hun visste at han sannsynligvis ikke ville være i stand til å forstå, men en dag kunne tilgi henne og være takknemlig for henne, og hun forventet, helt uventet, å bli gift til våren. Hun elsket ham som alltid, men hun skjønte nå at det bare var en gutt og jente. Hun håpet han ville få en flott karriere, og trodde absolutt på ham. Hun visste at det var det beste. Majoren giftet seg ikke med henne om våren eller på noe annet tidspunkt. Luz fikk aldri svar på brevet til Chicago om det. Kort tid etter at han fikk gonoré fra en salgspike i et loop -varehus mens han syklet i en drosje gjennom Lincoln Park."
Polish,pl,"Pewnego upalnego wieczoru w Padwie wnieśli go na dach i mógł wyjrzeć na szczyt miasta. Na niebie pojawiły się jerzyki kominiarskie. Po chwili zrobiło się ciemno i pojawiły się reflektory. Inni zeszli na dół i zabrali ze sobą butelki. On i Luz słyszeli je na dole na balkonie. Luz usiadła na łóżku. Była chłodna i świeża w gorącą noc. Luz pozostała na nocnej dyżurze przez trzy miesiące. Cieszyli się, że jej na to pozwolili. Kiedy go operowali, przygotowała go do stołu operacyjnego; i żartowali na temat przyjaciela lub lewatywy. Wszedł pod narkozę, trzymając się mocno, żeby nie wygadywać o niczym w tym głupim, gadatliwym czasie. Kiedy wszedł o kulach, mierzył temperaturę, żeby Luz nie musiała wstawać z łóżka. Było tylko kilku pacjentów i wszyscy o tym wiedzieli. Wszyscy lubili Luz. Wracając korytarzami, pomyślał o Luz w swoim łóżku. Zanim wrócił na front, weszli do Duomo i pomodlili się. Było ciemno i cicho, modlili się inni ludzie. Chcieli się pobrać, ale na zakazy nie starczyło czasu i żadne z nich nie miało metryk urodzenia. Czuli się tak, jakby byli małżeństwem, ale chcieli, aby wszyscy o tym wiedzieli i żeby nie mogli tego stracić. Luz napisał do niego wiele listów, których dostał dopiero po zawieszeniu broni. Piętnastka podszedł grupką do przodu, posortował je według dat i dokładnie je przeczytał. Wszyscy byli o szpitalu, o tym, jak bardzo go kochała i jak nie można było się bez niego obejść i jak strasznie tęskniła za nim w nocy. Po rozejmie uzgodnili, że powinien wrócić do domu, by znaleźć pracę, żeby mogli się pobrać. Luz nie wróci do domu, dopóki nie będzie miał dobrej pracy i nie będzie mógł przyjechać do Nowego Jorku, żeby się z nią spotkać. Zrozumiano, że nie będzie pił i nie chciał widzieć swoich przyjaciół ani nikogo w Stanach. Tylko po to, żeby znaleźć pracę i wyjść za mąż. W pociągu z Padwy do Mediolanu pokłócili się, że nie chce od razu wracać do domu. Kiedy musieli się pożegnać na dworcu w Mediolanie, ucałowali się na pożegnanie, ale kłótnia nie skończyła się. Zrobiło mu się niedobrze na myśl o takim pożegnaniu. Do Ameryki popłynął łodzią z Genui. Luz wróciła do Pordonone, aby otworzyć szpital. Było tam samotnie i deszczowo, a w mieście stacjonował batalion arditi. Mieszkając zimą w błotnistym, deszczowym mieście, major batalionu kochał się z Luz i nigdy wcześniej nie znała Włochów, aż wreszcie napisała do Stanów, że ich romans był tylko chłopcem i dziewczynką. Było jej przykro i wiedziała, że ​​prawdopodobnie nie będzie w stanie tego zrozumieć, ale może któregoś dnia jej wybaczy i będzie jej wdzięczny, i spodziewała się, zupełnie niespodziewanie, że na wiosnę wyjdzie za mąż. Kochała go jak zawsze, ale teraz zdała sobie sprawę, że była to miłość tylko chłopca i dziewczynki. Miała nadzieję, że zrobi wspaniałą karierę i absolutnie w niego wierzyła. Wiedziała, że ​​tak będzie najlepiej. Major nie ożenił się z nią na wiosnę ani w żadnym innym czasie. Luz nigdy nie otrzymała odpowiedzi na list do Chicago w tej sprawie. Krótko po tym, jak zachorował na rzeżączkę od sprzedawczyni w sklepie zapętlonym podczas jazdy taksówką przez Lincoln Park."
Portuguese,pt,"Em uma noite quente em Pádua, eles o carregaram até o telhado e ele pôde ver o topo da cidade. Havia chaminés no céu. Depois de um tempo, escureceu e os holofotes se acenderam. Os outros desceram e levaram as garrafas com eles. Ele e Luz podiam ouvi-los lá embaixo, na varanda. Luz sentou-se na cama. Ela estava fresca e fresca na noite quente. Luz ficou três meses de plantão noturno. Eles ficaram felizes em deixá-la. Quando o operaram, ela o preparou para a mesa de operação; e eles contaram uma piada sobre amigo ou enema. Ele ficou sob a anestesia, segurando-se com força para não tagarelar sobre nada durante o tempo bobo e falador. Depois de usar muletas, costumava medir a temperatura para que Luz não precisasse se levantar da cama. Havia apenas alguns pacientes, e todos sabiam disso. Todos gostavam de Luz. Enquanto caminhava de volta pelos corredores, pensou em Luz em sua cama. Antes que ele voltasse para a frente, eles foram ao Duomo e oraram. Estava escuro e silencioso, e havia outras pessoas orando. Eles queriam se casar, mas não havia tempo suficiente para os proclamas, e nenhum deles tinha certidão de nascimento. Eles se sentiam como se estivessem casados, mas queriam que todos soubessem disso e que não pudessem perdê-lo. Luz escreveu-lhe muitas cartas que ele só recebeu depois do armistício. Quinze vieram em um grupo para a frente e ele os classificou pelas datas e leu todos direto. Todos falavam sobre o hospital, o quanto ela o amava e como era impossível viver sem ele e como era terrível sentir sua falta à noite. Depois do armistício, eles concordaram que ele deveria voltar para casa e conseguir um emprego para que se casassem. Luz não voltaria para casa até que ele tivesse um bom emprego e pudesse vir a Nova York para conhecê-la. Ficou claro que ele não beberia e que não queria ver seus amigos ou qualquer pessoa nos Estados Unidos. Apenas para conseguir um emprego e se casar. No trem de Pádua a Milão, eles discutiram sobre ela não estar disposta a voltar para casa imediatamente. Quando tiveram que se despedir, na estação de Milão, se despediram com um beijo, mas não acabaram com a briga. Ele se sentiu mal por se despedir daquele jeito. Ele foi para a América em um barco de Gênova. Luz voltou a Pordonone para abrir um hospital. Era solitário e chuvoso lá, e havia um batalhão de arditi aquartelado na cidade. Morando na cidade lamacenta e chuvosa no inverno, o comandante do batalhão fez amor com Luz, que nunca conhecera italianos antes, e por fim escreveu aos Estados Unidos que o caso deles tinha sido apenas um menino e uma menina. Ela sentia muito e sabia que ele provavelmente não seria capaz de entender, mas poderia algum dia perdoá-la e ser grata a ela, e ela esperava, de forma absolutamente inesperada, se casar na primavera. Ela o amava como sempre, mas ela percebeu agora que era apenas um amor de menino e menina. Ela esperava que ele tivesse uma ótima carreira e acreditava nele totalmente. Ela sabia que era o melhor. O major não se casou com ela na primavera ou em qualquer outra época. Luz nunca obteve resposta à carta para Chicago sobre isso. Pouco tempo depois, ele contraiu gonorreia de uma vendedora em uma loja de departamentos de loop enquanto andava de táxi pelo Lincoln Park."
Romanian,ro,"Într-o seară fierbinte, în Padova, l-au dus pe acoperiș și el a putut privi deasupra orașului. Pe cer existau coșuri de coșuri. După o vreme s-a făcut întuneric și s-au stins reflectoarele. Ceilalți au coborât și au luat sticlele cu ei. El și Luz îi auzeau mai jos pe balcon. Luz stătea pe pat. Era rece și proaspătă în noaptea toridă. Luz a stat trei luni în serviciul de noapte. Au fost bucuroși să o lase. Când l-au operat, l-a pregătit pentru masa de operație; și au avut o glumă despre prieten sau clismă. A intrat sub anestezic ținându-se strâns de el, astfel încât să nu bâlbâiască nimic în timpul timpului prostesc și vorbăreț. După ce s-a urcat în cârje, obișnuia să ia temperaturile, astfel încât Luz să nu trebuiască să se ridice de pe pat. Nu erau decât câțiva pacienți și toți știau despre asta. Le-a plăcut tuturor lui Luz. În timp ce se întorcea de-a lungul holurilor, se gândi la Luz în pat. Înainte să se întoarcă pe front, au intrat în Duomo și s-au rugat. Era slab și liniștit și erau și alți oameni care se rugau. Au vrut să se căsătorească, dar nu a fost suficient timp pentru interdicții și niciunul dintre ei nu a avut certificate de naștere. Se simțeau ca și când ar fi fost căsătoriți, dar doreau ca toată lumea să știe despre asta și să o facă astfel încât să nu o poată pierde. Luz i-a scris multe scrisori pe care nu le-a primit decât după armistițiu. Cincisprezece au venit într-o grămadă în față și le-a sortat după date și le-a citit direct. Erau toți în legătură cu spitalul, cât de mult îl iubea și cum era imposibil să se înțeleagă fără el și cât de groaznic îi lipsea noaptea. După armistițiu, au convenit că ar trebui să plece acasă pentru a obține un loc de muncă, astfel încât să poată fi căsătoriți. Luz nu avea să vină acasă până nu avea o slujbă bună și putea veni la New York să o întâlnească. S-a înțeles că nu va bea și nu a vrut să-și vadă prietenii sau pe nimeni din state. Numai pentru a obține un loc de muncă și a fi căsătorit. În trenul de la Padova la Milano s-au certat că nu ar fi dispusă să vină imediat acasă. Când au trebuit să-și ia rămas-bun, în stația de la Milano, s-au sărutat la revedere, dar nu au terminat cu cearta. I s-a făcut rău să-și ia rămas-bun așa. A plecat în America cu o barcă din Genova. Luz s-a întors la Pordonone pentru a deschide un spital. Era singur și ploios acolo și în oraș era un batalion de arditi. Locuind în orașul plin de noroi și ploios în timpul iernii, maiorul batalionului i-a făcut dragoste lui Luz și nu mai cunoscuse niciodată italieni și, în cele din urmă, a scris statelor că a lor a fost doar o aventură de băieți și fete. Îi părea rău și știa că probabil nu va fi capabil să înțeleagă, dar ar putea să o ierte într-o bună zi și să îi fie recunoscătoare și se aștepta, absolut neașteptat, să se căsătorească în primăvară. Îl iubea ca întotdeauna, dar și-a dat seama că acum era doar o iubire de băiat și de fată. Ea spera că va avea o carieră grozavă și a crezut absolut în el. Știa că este în bine. Maiorul nu s-a căsătorit cu ea în primăvară sau în orice alt moment. Luz nu a primit niciodată un răspuns la scrisoarea către Chicago despre asta. La scurt timp după ce a contractat gonoree de la o fată de vânzări într-un magazin universal, în timp ce călătorea într-un taxi prin Lincoln Park."
Russian,ru,"Однажды жарким вечером в Падуе его вынесли на крышу, и он мог смотреть на город сверху. В небе были дымоходы. Через некоторое время стемнело и погасли прожекторы. Остальные спустились и забрали с собой бутылки. Он и Луз могли слышать их внизу на балконе. Луз села на кровать. Она была прохладной и свежей в жаркую ночь. Луз оставалась на ночном дежурстве три месяца. Они были рады позволить ей. Когда ему сделали операцию, она подготовила его к операционному столу; и у них был анекдот про друга или клизму. Он попал под наркоз, крепко прижавшись к себе, чтобы не болтать ни о чем в это глупое, болтливое время. После того, как он стал на костылях, он обычно измерял температуру, чтобы Люзу не приходилось вставать с кровати. Пациентов было всего несколько, и все они об этом знали. Им всем нравился Луз. Возвращаясь по коридору, он думал о Лузе в своей постели. Прежде чем он вернулся на фронт, они вошли в Дуомо и помолились. Было темно и тихо, и другие люди молились. Они хотели пожениться, но на банны не хватило времени, и ни у кого из них не было свидетельств о рождении. Им казалось, что они женаты, но они хотели, чтобы все знали об этом и сделали это так, чтобы они не могли потерять это. Луз написал ему много писем, которые он не получил до перемирия. Пятнадцать вышли пачкой на передний план, он отсортировал их по датам и прочитал их все подряд. Все они рассказывали о больнице, о том, как сильно она его любит, о том, как невозможно обходиться без него и как ужасно по нему скучать по ночам. После перемирия они договорились, что он должен пойти домой, чтобы устроиться на работу, чтобы они могли пожениться. Луз не вернется домой, пока не получит хорошую работу и не приедет в Нью-Йорк, чтобы встретиться с ней. Было понятно, что он не будет пить, и он не хотел видеть своих друзей или кого-либо в Штатах. Только для того, чтобы устроиться на работу и выйти замуж. В поезде из Падуи в Милан они поссорились из-за того, что она не хочет сразу ехать домой. Когда им пришлось попрощаться на вокзале в Милане, они поцеловались на прощание, но ссора не закончилась. Ему стало плохо от такого прощания. Он отправился в Америку на лодке из Генуи. Лус вернулся в Пордононе, чтобы открыть больницу. Там было одиноко и дождливо, а в городе расквартировали батальон ардити. Живя зимой в грязном дождливом городке, майор батальона занимался любовью с Лус, а она никогда раньше не знала итальянцев, и, наконец, написала в Штаты, что у них были только отношения мальчика и девочки. Ей было жаль, и она знала, что он, вероятно, не сможет понять, но, возможно, однажды простит ее и будет благодарен ей, и она совершенно неожиданно ожидала, что выйдет замуж весной. Она любила его как всегда, но теперь поняла, что это была любовь только мальчика и девочки. Она надеялась, что у него будет отличная карьера, и абсолютно верила в него. Она знала, что это к лучшему. Майор не женился на ней ни весной, ни в другое время. Луз так и не получила ответа на письмо в Чикаго об этом. Вскоре после этого он заразился гонореей от продавщицы в универсальном магазине, когда ехал в такси по Линкольн-парку."
Serbian,sr,"Једне вреле вечери у Падови однели су га на кров и могао је да погледа преко врха града. На небу су били димњаци. Након неког времена смрачило се и рефлектори су изашли. Остали су сишли и понели флаше са собом. Он и Луз су их чули испод на балкону. Луз је сео на кревет. Била је хладна и свежа у врелој ноћи. Луз је остао на ноћном дежурству три месеца. Било им је драго што су је пустили. Када су га оперисали, припремила га је за операциони сто; и имали су шалу на рачун пријатеља или клистир. Прошао је под анестезијом држећи се чврсто за себе како не би ништа брбљао током глупог, брбљавог времена. Кад је сјео на штаке, мјерио је температуру како Луз не би морала устати из кревета. Било је само неколико пацијената и сви су знали за то. Сви су волели Луз. Док се враћао ходницима, помислио је на Луз у свом кревету. Пре него што се вратио на фронт, ушли су у Дуомо и помолили се. Било је мрачно и тихо, а било је и других људи који су се молили. Желели су да се венчају, али није било довољно времена за забране, а ниједна од њих није имала изводе из матичне књиге рођених. Осећали су се као да су у браку, али су желели да сви знају за то и да то учине тако да то не могу изгубити. Луз му је написао много писама која је добио тек након примирја. Петнаест их је дошло у гомили напред и он их је разврстао по датумима и прочитао све до краја. Сви су били у вези болнице, и колико га је волела и како је било немогуће слагати се без њега и колико му је страшно недостајало ноћу. Након примирја договорили су се да би требао отићи кући да се запосли како би се могли вјенчати. Луз се није враћао кући све док није имао добар посао и није могао доћи у Њујорк да је упозна. Разумело се да неће пити, и није хтео да види своје пријатеље или било кога у Сједињеним Државама. Само да се запослим и оженим. У возу из Падове за Милано посвађали су се због тога што није вољна да одмах дође кући. Када су морали да се опросте, у станици у Милану, пољубили су се до виђења, али нису завршили са свађом. Мука му је што се тако опростио. У Америку је отишао чамцем из Ђенове. Луз се вратио у Пордононе да отвори болницу. Тамо је било усамљено и кишовито, а у граду је био смештен батаљон ардита. Живећи у блатњавом, кишовитом граду зими, мајор батаљона водио је љубав са Луз, а она никада раније није познавала Италијане, па је коначно писала државама да су то биле само везе између дечака и девојчице. Било јој је жао и знала је да он вероватно неће моћи да разуме, али би јој једног дана могао опростити и бити захвалан на њој, и очекивала је, потпуно неочекивано, да ће се венчати на пролеће. Волела га је као и увек, али је сада схватила да је то само љубав дечака и девојчица. Надала се да ће имати сјајну каријеру и апсолутно је веровала у њега. Знала је да је тако најбоље. Мајор је није оженио на пролеће, нити било које друго време. Луз никада није добила одговор на писмо Чикагу о томе. Убрзо након што је зарадио гонореју од продавачице у робној кући у петљи док се возио таксијем кроз Линцолн Парк."
Slovak,sk,"Jedného horúceho večera v Padove ho vyniesli na strechu a mohol sa pozerať von na vrch mesta. Na oblohe boli komínové šmuhy. Po chvíli sa zotmelo a svetlomety zhasli. Ostatní zišli dole a vzali so sebou fľaše. On a Luz ich mohli počuť nižšie na balkóne. Luz sedela na posteli. V horúcej noci bola chladná a svieža. Luz zostal v nočnej službe tri mesiace. Boli radi, že jej to dovolili. Keď ho operovali, pripravila ho na operačný stôl; a mali vtip o priateľovi alebo klystír. Držal sa pri sebe v anestézii, aby počas hlúpych, rozprávkových chvíľ nič nebláznil. Potom, čo dostal o barlách, zvykol merať teploty, aby Luz nemusel vstať z postele. Pacientov bolo len niekoľko a všetci o tom vedeli. Všetci mali radi Luz. Keď kráčal späť po chodbách, myslel na Luz vo svojej posteli. Predtým, ako sa vrátil na front, vošli do Dómu a modlili sa. Bolo šero a ticho a modlili sa ďalší ľudia. Chceli sa vziať, ale na banny nebol dostatok času a ani jeden z nich nemal rodné listy. Cítili sa, akoby boli ženatí, ale chceli, aby o tom všetci vedeli a urobili to tak, aby to nemohli stratiť. Luz mu napísal mnoho listov, ktoré dostal až po prímerí. Pätnásť ich prišlo dopredu a zoradil ich podľa dátumov a všetky ich prečítal. Všetky boli o nemocnici a o tom, ako ho miluje a ako sa bez neho nedá zaobísť a ako strašne mu v noci chýba. Po prímerí súhlasili, že by mal ísť domov, aby našiel prácu, aby mohli byť ženatí. Luz neprišiel domov, kým nemal dobrú prácu a mohol prísť do New Yorku, aby sa s ňou stretol. Rozumelo sa, že nebude piť a nechcel vidieť svojich priateľov ani nikoho v Štátoch. Len aby si našiel prácu a bol ženatý. Vo vlaku z Padovy do Milána sa pohádali, že nie je ochotná naraz prísť domov. Keď sa museli rozlúčiť, na stanici v Miláne sa pobozkali, ale s hádkou neskončili. Prišlo mu zle, keď sa takto lúčil. Do Ameriky sa vybral na lodi z Janova. Luz sa vrátil do Pordonone, aby otvoril nemocnicu. Bolo tam osamelé a daždivé a v meste bol ubytovaný prápor arditi. Majorka práporu žila v zime v blatistom a daždivom meste a milovala sa s Luzom, pričom Talianov nikdy predtým nepoznala a nakoniec napísala štátom, že tie ich boli iba záležitosťou chlapcov a dievčat. Bolo jej to ľúto a vedela, že to pravdepodobne nebude môcť pochopiť, ale možno jej to jedného dňa odpustí a bude jej vďačný a ona neočakávane očakávala, že sa na jar vydá. Milovala ho ako vždy, ale teraz si uvedomila, že to bola iba láska pre chlapcov a dievčatá. Dúfala, že bude mať skvelú kariéru, a absolútne mu verila. Vedela, že to bolo najlepšie. Major si ju nevzal ani na jar, ani inokedy. Luz nikdy nedostal odpoveď na list Chicagu o tom. Krátko po tom, ako sa pri jazde taxíkom po Lincolnovom parku nakazil od predavačky v slučkovom obchodnom dome kvapavkou."
Slovenian,sl,"Nekega vročega večera v Padovi so ga odnesli na streho in lahko je pogledal čez vrh mesta. Na nebu so bili dimniki. Čez nekaj časa se je stemnilo in žarometi so prišli ven. Ostali so šli dol in s seboj vzeli steklenice. Z Luzom sta ju slišala spodaj na balkonu. Luz je sedel na postelji. V vroči noči je bila hladna in sveža. Luz je tri mesece ostal na nočnem dežurstvu. Z veseljem so ji dovolili. Ko so ga operirali, ga je pripravila za operacijsko mizo; in imeli so šalo o prijatelju ali klistir. Šel je pod anestezijo, držal se je zase, da v neumnem, klepetavem času ne bi nič brbljal. Ko je stopil na bergle, je včasih meril temperaturo, da Luzu ni bilo treba vstati iz postelje. Bolnikov je bilo le nekaj in vsi so vedeli za to. Vsem je bil všeč Luz. Ko se je vrnil po hodnikih, je pomislil na Luza v svoji postelji. Preden se je vrnil na fronto, sta šla v Duomo in molila. Bilo je tiho in tiho, molili pa so tudi drugi ljudje. Želela sta se poročiti, a za prepovedi ni bilo dovolj časa, nobeden od njiju pa ni imel rojstnih listov. Počutili so se, kot da sta poročeni, vendar so želeli, da bi o tem vedeli vsi, in to naredili tako, da tega ne bi mogli izgubiti. Luz mu je napisal veliko pisem, ki jih je dobil šele po premirju. Petnajst jih je prišlo v ospredje in jih je razvrstil po datumih in jih vse prebral naravnost. Vsi so govorili o bolnišnici in o tem, kako zelo ga ima rada in kako se brez njega nemogoče ujeti in kako ga je ponoči pogrešalo. Po premirju sta se dogovorila, da bi moral iti domov, da bi se zaposlil, da bi se lahko poročila. Luz ne bi prišel domov, dokler ne bi imel dobre službe in bi jo lahko prišel spoznati v New York. Razumelo se je, da ne bo pil, in ni hotel videti svojih prijateljev ali kogar koli v državah. Samo zato, da bi se zaposlil in bil poročen. Na vlaku iz Padove v Milano so se prepirali, da ni pripravljena takoj priti domov. Ko sta se morala posloviti, sta se na postaji v Milanu poljubila v slovo, a s prepirom nista končala. Mukalo ga je, da se je tako poslovil. V Ameriko se je odpravil z ladjo iz Genove. Luz se je vrnil v Pordonone, da bi odprl bolnišnico. Tam je bilo osamljeno in deževno, v mestu pa je bil nameščen bataljon arditi. Življenje v blatnem, deževnem mestu pozimi se je major bataljona ljubil z Luz, ki še nikoli ni poznala Italijanov, in končno pisala državam, da je njuna zveza le fant in dekle. Žal ji je bilo in vedela je, da verjetno ne bo mogel razumeti, a bi ji lahko nekega dne oprostil in bil hvaležen in pričakovala je, povsem nepričakovano, da se bo spomladi poročila. Ljubila ga je kot vedno, zdaj pa je spoznala, da je to samo ljubezen fanta in deklice. Upala je, da bo imel odlično kariero, in popolnoma verjela vanj. Vedela je, da je tako najbolje. Major se je ni poročil spomladi ali kdaj drugič. Luz nikoli ni dobil odgovora na pismo v Chicago o tem. Kmalu zatem, ko se je z gonorejo zbolel za prodajalko v veleblagovnici, medtem ko se je vozil v taksiju po Lincoln Parku."
Spanish,es,"Una tarde calurosa en Padua lo subieron al tejado y pudo mirar desde lo alto de la ciudad. Había vencejos de chimenea en el cielo. Después de un rato oscureció y se apagaron los reflectores. Los demás bajaron y se llevaron las botellas. Luz y él podían oírlos abajo, en el balcón. Luz se sentó en la cama. Estaba fresca y fresca en la noche calurosa. Luz estuvo de guardia durante la noche durante tres meses. Se alegraron de dejarla. Cuando lo operaron ella lo preparó para la mesa de operaciones; y tenían una broma sobre un amigo o un enema. Se sometió a la anestesia abrazándose a sí mismo para no hablar de nada durante el tiempo tonto y de conversación. Después de ponerse en muletas solía tomar la temperatura para que Luz no tuviera que levantarse de la cama. Había solo unos pocos pacientes y todos lo sabían. A todos les agradaba Luz. Mientras caminaba de regreso por los pasillos, pensó en Luz en su cama. Antes de que volviera al frente, entraron en el Duomo y rezaron. Estaba oscuro y silencioso, y había otras personas rezando. Querían casarse, pero no había tiempo suficiente para las prohibiciones y ninguno de los dos tenía acta de nacimiento. Se sentían como si estuvieran casados, pero querían que todos lo supieran y que lo hicieran para que no pudieran perderlo. Luz le escribió muchas cartas que nunca recibió hasta después del armisticio. Quince llegaron en un montón al frente y los clasificó por fechas y los leyó todos directamente. Todos hablaban del hospital, y de lo mucho que lo amaba y de lo imposible que era arreglárselas sin él y de lo terrible que era extrañarlo por la noche. Después del armisticio acordaron que debería irse a casa a buscar un trabajo para poder casarse. Luz no volvería a casa hasta que tuviera un buen trabajo y pudiera ir a Nueva York a conocerla. Se entendió que no bebería y que no quería ver a sus amigos ni a nadie en Estados Unidos. Solo para conseguir un trabajo y casarme. En el tren de Padua a Milán se pelearon porque ella no estaba dispuesta a volver a casa de inmediato. Cuando tuvieron que despedirse, en la estación de Milán, se despidieron con un beso, pero la pelea no terminó. Se sentía enfermo por decir adiós así. Se fue a América en un barco desde Génova. Luz volvió a Pordonone para abrir un hospital. Allí estaba solo y llovía, y había un batallón de arditi acantonado en la ciudad. Viviendo en la ciudad fangosa y lluviosa en el invierno, el comandante del batallón hizo el amor con Luz, y ella nunca había conocido a italianos antes, y finalmente escribió a los Estados que el suyo solo había sido un asunto de niños y niñas. Lo lamentaba y sabía que probablemente él no sería capaz de entenderlo, pero que algún día podría perdonarla y estar agradecido con ella, y esperaba, de manera absolutamente inesperada, casarse en la primavera. Ella lo amaba como siempre, pero ahora se dio cuenta de que era solo un amor de chico y chica. Ella esperaba que tuviera una gran carrera y creía absolutamente en él. Sabía que era lo mejor. El mayor no se casó con ella en primavera ni en ningún otro momento. Luz nunca recibió una respuesta a la carta enviada a Chicago al respecto. Poco tiempo después de que contrajera gonorrea de una vendedora en una tienda departamental circular mientras viajaba en un taxi por Lincoln Park."
Swedish,sv,"En varm kväll i Padua bar de upp honom på taket och han kunde titta ut över toppen av staden. Det var skorstensbyten på himlen. Efter ett tag blev det mörkt och strålkastarna släcktes. De andra gick ner och tog med sig flaskorna. Han och Luz kunde höra dem nedanför på balkongen. Luz satt på sängen. Hon var sval och fräsch under den varma natten. Luz stannade på nattvakt i tre månader. De var glada att låta henne. När de opererade honom förberedde hon honom för operationsbordet; och de hade ett skämt om vän eller lavemang. Han gick under bedövningsmedlet och höll fast vid sig själv så att han inte skulle klaga på någonting under den fåniga, pratiga tiden. Efter att han fått på kryckor brukade han ta temperaturerna så att Luz inte behövde resa sig från sängen. Det fanns bara ett fåtal patienter, och de visste alla om det. De gillade alla Luz. När han gick tillbaka längs korridorerna tänkte han på Luz i sin säng. Innan han gick tillbaka till fronten gick de in i Duomo och bad. Det var svagt och tyst, och det var andra människor som bad. De ville gifta sig, men det fanns inte tillräckligt med tid för förbuden, och ingen av dem hade födelsebevis. De kände sig som om de var gifta, men de ville att alla skulle veta om det och göra det så att de inte kunde förlora det. Luz skrev många brev till honom som han aldrig fick förrän efter vapenstilleståndet. Femton kom i ett gäng fram och han sorterade dem efter datumen och läste dem rakt igenom. De handlade om sjukhuset och hur mycket hon älskade honom och hur det var omöjligt att klara sig utan honom och hur hemskt det saknade honom på natten. Efter vapenstilleståndet kom de överens om att han skulle gå hem för att få ett jobb så att de kunde vara gifta. Luz skulle inte komma hem förrän han hade ett bra jobb och kunde komma till New York för att träffa henne. Man förstod att han inte skulle dricka, och han ville inte träffa sina vänner eller någon i staterna. Bara för att få jobb och gifta sig. På tåget från Padua till Milano grälade de om att hon inte var villig att komma hem direkt. När de var tvungna att säga hejdå, på stationen i Milano, kysste de hejdå, men var inte färdiga med bråket. Han mådde illa av att säga hejdå så. Han åkte till Amerika på en båt från Genua. Luz gick tillbaka till Pordonone för att öppna ett sjukhus. Det var ensamt och regnigt där, och det fanns en bataljon arditi kvar i staden. Majoren i bataljonen bodde i den leriga, regniga staden på vintern och älskade Luz, och hon hade aldrig känt italienare tidigare och skrev slutligen till staterna att deras bara hade varit en pojke- och tjejaffär. Hon var ledsen, och hon visste att han förmodligen inte skulle kunna förstå, men kan någon dag förlåta henne och vara tacksam för henne, och hon förväntade sig, helt oväntat, att gifta sig under våren. Hon älskade honom som alltid, men hon insåg nu att det bara var en pojke- och tjejkärlek. Hon hoppades att han skulle få en bra karriär och trodde absolut på honom. Hon visste att det var det bästa. Majoren gifte sig inte med henne under våren eller någon annan gång. Luz fick aldrig svar på brevet till Chicago om det. En kort tid efter att han drabbats av gonorré från en försäljningstjej i ett loop -varuhus medan han åkte i en taxi genom Lincoln Park."
Turkish,tr,"Padua'da sıcak bir akşam onu ​​çatıya taşıdılar ve kasabanın tepesine bakabildi. Gökyüzünde baca kaymaları vardı. Bir süre sonra hava karardı ve projektörler açıldı. Diğerleri aşağı indiler ve şişeleri yanlarında götürdüler. O ve Luz onları aşağıda balkondan duyabiliyorlardı. Luz yatağa oturdu. Sıcak gecede serin ve tazeydi. Luz üç ay gece nöbetinde kaldı. Ona izin verdiklerine sevindiler. Onu ameliyat ettiklerinde onu ameliyat masasına hazırladı; ve arkadaş ya da lavman hakkında bir şaka yaptılar. Aptal, konuşma zamanında hiçbir şey hakkında gevezelik etmemek için kendine sıkı sıkıya tutunarak anestezi altına girdi. Koltuk değneklerine taktıktan sonra ateşi ölçüyordu, böylece Luz yataktan kalkmak zorunda kalmasın. Sadece birkaç hasta vardı ve hepsi bunu biliyordu. Hepsi Luz'u severdi. Koridorlarda geri dönerken yatağındaki Luz'u düşündü. O cepheye dönmeden önce Duomo'ya girip dua ettiler. Loş ve sessizdi ve dua eden başka insanlar da vardı. Evlenmek istediler ama yasaklar için yeterli zaman yoktu ve ikisinin de doğum belgesi yoktu. Evli gibi hissediyorlardı ama herkesin bunu bilmesini ve kaybetmemeleri için bunu yapmasını istiyorlardı. Luz, ona ateşkesten sonrasına kadar alamadığı birçok mektup yazdı. On beş grup öne çıktı ve onları tarihlere göre sıraladı ve hepsini baştan sona okudu. Hepsi hastaneden, onu ne kadar sevdiğinden, onsuz geçinmenin imkansızlığından ve geceleri onu özlemenin ne kadar korkunç olduğundan bahsediyordu. Ateşkesten sonra, evlenebilmeleri için bir iş bulmak için eve gitmesi gerektiğine karar verdiler. Luz, iyi bir işi olana ve onunla tanışmak için New York'a gelene kadar eve gelmezdi. İçmeyeceği, arkadaşlarını ya da Amerika'da kimseyi görmek istemediği anlaşıldı. Sadece iş bulup evlenmek için. Padua'dan Milano'ya giden trende, onun hemen eve dönmek istemediği konusunda tartıştılar. Milano'daki istasyonda veda etmek zorunda kaldıklarında veda öpücüğü verdiler, ancak kavga bitmedi. Böyle veda etmekten midesi bulanıyordu. Cenova'dan bir tekneyle Amerika'ya gitti. Luz, bir hastane açmak için Pordonone'ye geri döndü. Orası yalnız ve yağmurluydu ve kasabada bir arditi taburu vardı. Kışın çamurlu, yağmurlu bir kasabada yaşayan taburun komutanı Luz'la sevişti ve daha önce hiç İtalyan tanımadı ve sonunda Devletlere onların sadece bir erkek ve kız ilişkisi olduğunu yazdı. Üzgündü ve muhtemelen onu anlayamayacağını biliyordu, ama bir gün onu affedip ona minnettar olabilirdi ve kesinlikle beklenmedik bir şekilde ilkbaharda evlenmeyi bekliyordu. Onu her zamanki gibi seviyordu ama şimdi bunun sadece bir erkek ve kız aşkı olduğunu fark etti. Harika bir kariyere sahip olmasını umuyordu ve ona kesinlikle inanıyordu. Bunun en iyisi olduğunu biliyordu. Binbaşı onunla ne baharda ne de başka bir zamanda evlenmedi. Luz, Chicago'ya bununla ilgili mektuba bir cevap alamadı. Kısa bir süre sonra, Lincoln Park'ta bir taksiye binerken, bir döngü mağazasındaki bir satıcı kızdan belsoğukluğuna yakalandı."
Ukrainian,uk,"Одного спекотного вечора в Падуї вони винесли його на дах, і він міг дивитися на вершину міста. У небі були димоходи. Через деякий час стемніло і прожектори вийшли. Інші спустилися і забрали пляшки з собою. Вони з Луз чули їх унизу на балконі. Луз сіла на ліжко. У спекотну ніч їй було прохолодно і свіжо. Луз три місяці залишався на нічному чергуванні. Вони були раді дозволити їй. Коли вони його прооперували, вона готувала його до операційного столу; і вони жартували про друга або клізму. Він пройшов під анестезією, міцно тримаючись за себе, щоб нічого не балакати під час безглуздого балакучого часу. Після того як він сів на милиці, він зазвичай вимірював температуру, щоб Луз не довелося вставати з ліжка. Пацієнтів було лише кілька, і всі вони про це знали. Усі вони сподобалися Лузі. Повертаючись по залах, він подумав про Луз у своєму ліжку. Перш ніж він повернувся на фронт, вони зайшли в Дуомо і помолилися. Було тьмяно і тихо, і молилися інші люди. Вони хотіли одружитися, але часу на заборони не вистачало, і жоден з них не мав свідоцтв про народження. Вони відчували, що вони одружені, але хотіли, щоб усі знали про це і зробили так, щоб вони не могли це втратити. Луз написав йому багато листів, які він отримав лише після перемир'я. П'ятнадцять прийшло купою на фронт, і він відсортував їх за датами і прочитав усі прямо. Вони всі були присвячені лікарні, і як сильно вона його любила, і як неможливо було обійтися без нього, і як жахливо не вистачало його вночі. Після перемир'я вони погодилися, що він має піти додому, щоб влаштуватися на роботу, щоб вони могли одружитися. Луз не повернувся додому, поки у нього не буде хорошої роботи і він не зможе приїхати до Нью -Йорка, щоб зустрітися з нею. Було зрозуміло, що він не буде пити, і він не хотів бачити своїх друзів чи когось у Штатах. Тільки для того, щоб влаштуватися на роботу і одружитися. У поїзді з Падуї до Мілана вони посварилися, що вона не хоче одразу прийти додому. Коли їм довелося попрощатися, на вокзалі в Мілані вони поцілувались на прощання, але не закінчили сварку. Йому стало погано від такого прощання. Він відправився в Америку на човні з Генуї. Луз повернулася до Пордононе, щоб відкрити лікарню. Там було самотньо і дощово, а в місті був батальйон ардити. Живучи взимку в брудному дощовому містечку, майор батальйону займався коханням з Луз, і вона ніколи раніше не знала італійців, і, нарешті, написала Штатам, що їхні стосунки були лише хлопчиками та дівчатками. Їй було шкода, і вона знала, що він, мабуть, не зможе зрозуміти, але, можливо, колись пробачить їй і буде вдячний їй, і вона очікувала, абсолютно несподівано, одруження навесні. Вона любила його, як завжди, але тепер зрозуміла, що це тільки кохання хлопчика і дівчинки. Вона сподівалася, що у нього буде хороша кар’єра, і абсолютно вірила в нього. Вона знала, що це на краще. Майор не одружився з нею весною чи іншим разом. Луз так і не отримав відповіді на лист до Чикаго з цього приводу. Невдовзі після того, як він захворів на гонорею від дівчини -продавця в універмазі, що їхав у таксі через парк Лінкольна."
